NEWSID,symbol,event_ts,ts_source,exclusion_reason,pre_bar_ts,pre_close,effective_ts,t0_index,pre_index,D0,d0_session_pos,arrival_bucket,tradable_regime,delay_minutes,bars_to_session_close,d0_session_bars,d0_short_session,pre_session_date,sessions_after_d0,truncated_5m,truncated_30m,truncated_60m,incomplete_20d,subject,subject_rule,subject_priority,is_companion,fiscal_period,NEWSSUB,HEADLINE,CATEGORYNAME,SUBCATNAME,cluster_id,_rank,anchor_NEWSID,n_filings,n_companion_filings,member_subjects,cluster_span_hours,overlap_60m,overlap_same_session,r_5m,r_30m,r_60m,r_to_close,r_1d,drift_1d,r_3d,drift_3d,r_5d,drift_5d,r_10d,drift_10d,r_20d,drift_20d,peer_r_5m,adj_r_5m,peer_r_30m,adj_r_30m,peer_r_60m,adj_r_60m,peer_r_to_close,adj_r_to_close,peer_r_1d,adj_r_1d,peer_drift_1d,adj_drift_1d,peer_r_3d,adj_r_3d,peer_drift_3d,adj_drift_3d,peer_r_5d,adj_r_5d,peer_drift_5d,adj_drift_5d,peer_r_10d,adj_r_10d,peer_drift_10d,adj_drift_10d,peer_r_20d,adj_r_20d,peer_drift_20d,adj_drift_20d,vol_5m,vol_base_5m,vol_ratio_5m,zero_vol_share_5m,vol_30m,vol_base_30m,vol_ratio_30m,zero_vol_share_30m,vol_60m,vol_base_60m,vol_ratio_60m,rv_60m,range_60m,rv_ratio_60m,range_ratio_60m,baseline_abs_r_60m,zero_vol_share_60m,vol_d0,vol_ratio_d0,abs_r_5m,abs_adj_r_5m,abs_r_30m,abs_adj_r_30m,abs_r_60m,abs_adj_r_60m,abs_r_to_close,abs_adj_r_to_close,R0,R0_adj,direction,signed_drift_1d,signed_adj_drift_1d,signed_drift_3d,signed_adj_drift_3d,signed_drift_5d,signed_adj_drift_5d,signed_drift_10d,signed_adj_drift_10d,signed_drift_20d,signed_adj_drift_20d,block_m
04d4f6fc-f7c9-4811-a62b-f7aa40d38d03,HAL,2023-11-10 13:50:21.300,DissemDT,,2023-11-10 13:49:00,2081.85,2023-11-10 13:51:00,21276.0,21274.0,2023-11-10,56.0,in_session,in_session,0.645,99.0,375.0,False,2023-11-10,687.0,False,False,False,False,Financial Results,subcategory,1,False,2023-09-30,"Audited Financial Results For The Quarter And Half Year Ended 30Th September, 2023",announcement as attached,Result,Financial Results,HAL-FP-2023-09-30,"(1, Timestamp('2023-11-10 13:51:00'))",04d4f6fc-f7c9-4811-a62b-f7aa40d38d03,1,0,Financial Results,0.0,False,True,-0.014698465307298791,-0.019910176045344175,-0.01433820880466885,-0.012416840790642869,-0.0030501717222661817,0.009484435797665336,0.003914787328578084,0.01653696498054469,0.019501885342363634,0.03232003891050583,0.0802891658861109,0.09387159533073941,0.34255589980065815,0.3594357976653697,8.062584833046227e-05,-0.014779091155629254,-0.0006751791427574982,-0.019234996902586676,0.0013661607425010103,-0.01570436954716986,0.004780806688999328,-0.017197647479642197,0.0079471882513652,-0.010997359973631382,0.00320192013078216,0.006282515666883176,0.02280671122230782,-0.018891923893729734,0.01791928523258901,-0.0013823202520443223,0.058237710361196404,-0.03873582501883277,0.05301556218303893,-0.0206955232725331,0.07252574368141057,0.007763422204700332,0.0672205715123061,0.026651023818433317,0.11505332828628839,0.22750257151436976,0.10969276173920112,0.2497430359261686,218056.0,4837.5,45.07617571059431,0.0,1259305.0,39716.5,31.707350849143303,0.0,1572818.0,86178.5,18.250700580771305,0.02611169789074337,0.03676691729323304,7.303301686701728,7.213851630728389,0.0015777015793650984,0.0,4717058.0,6.1317152147731315,0.014698465307298791,0.014779091155629254,0.019910176045344175,0.019234996902586676,0.01433820880466885,0.01570436954716986,0.012416840790642869,0.017197647479642197,-0.012416840790642869,-0.017197647479642197,-1.0,-0.009484435797665336,-0.006282515666883176,-0.01653696498054469,0.0013823202520443223,-0.03232003891050583,0.0206955232725331,-0.09387159533073941,-0.026651023818433317,-0.3594357976653697,-0.2497430359261686,HAL|2023-11
7ac7975a-d6fa-430f-86c7-5446fe76f5c8,HAL,2024-02-12 14:03:01.463,DissemDT,,2024-02-12 14:02:00,2863.15,2024-02-12 14:04:00,44599.0,44597.0,2024-02-12,119.0,in_session,in_session,0.9756166666666667,86.0,375.0,False,2024-02-12,624.0,False,False,False,False,Financial Results,subcategory,1,False,,"Audited Financial Result''s (Standalone & Consolidated) For The Quarter And Period Ended 31.12.2023, And Declaration Of 1St Interim Dividend.",Announcement as attached,Result,Financial Results,HAL-0049,"(1, Timestamp('2024-02-12 14:04:00'))",7ac7975a-d6fa-430f-86c7-5446fe76f5c8,1,0,Financial Results,0.0,True,True,0.004435673995424549,0.010058851265214885,0.0013970626757242588,-0.007421895464785333,0.018231667918201966,0.02584538512966672,0.054502907636693854,0.062387839121714306,0.05757644552328722,0.06548435905556138,0.06665735291549524,0.0746331679510186,0.17751427623421745,0.1863190119286393,0.0006140859176334279,0.0038215880777911215,-0.00012338467680597653,0.010182235942020862,-0.00521087442144802,0.006607937097172278,-0.010387485615198616,0.002965590150413283,0.01195405282536477,0.0062776150928371965,0.023008546282893477,0.002836838846773243,0.03942551336033839,0.01507739427635546,0.05102805655528658,0.011359782566427723,0.04888499934510365,0.00869144617818357,0.06083303961243208,0.004651319443129298,0.052347524625414144,0.014309828290081095,0.06435459109197994,0.010278576859038657,0.03952110097428668,0.13799317525993077,0.0506469457721796,0.13567206615645971,242540.0,8659.0,28.01016283635524,0.0,656873.0,73731.0,8.90904775467578,0.0,859842.0,171610.5,5.010427683620757,0.02511432106606217,0.02329146038513729,4.472835440913297,2.9640544959571073,0.0022506435962574844,0.0,2881619.0,2.1906597289137277,0.004435673995424549,0.0038215880777911215,0.010058851265214885,0.010182235942020862,0.0013970626757242588,0.006607937097172278,0.007421895464785333,0.002965590150413283,-0.007421895464785333,0.002965590150413283,-1.0,-0.02584538512966672,-0.002836838846773243,-0.062387839121714306,-0.011359782566427723,-0.06548435905556138,-0.004651319443129298,-0.0746331679510186,-0.010278576859038657,-0.1863190119286393,-0.13567206615645971,HAL|2024-02
b7ff9cb7-22e9-4d8d-9fc8-c6b56da97c64,HAL,2024-08-14 14:22:12.250,DissemDT,,2024-08-14 14:21:00,4663.45,2024-08-14 14:23:00,90948.0,90946.0,2024-08-14,244.0,in_session,in_session,0.7958333333333333,67.0,375.0,False,2024-08-14,499.0,False,False,False,False,Financial Results,subcategory,1,False,,Audited Financial Results For The Quarter Ended 30.06.2024,Announcement attached,Result,Financial Results,HAL-0050,"(1, Timestamp('2024-08-14 14:23:00'))",b7ff9cb7-22e9-4d8d-9fc8-c6b56da97c64,1,0,Financial Results,0.0,False,False,0.01149363668528669,0.006068468623015244,-0.0027233057071480715,-0.0010614459252269448,0.01963138877869386,0.020714822367714936,0.015986018934479818,0.01706557904905015,0.022419024541916466,0.023505420199634974,-0.010625180928282796,-0.009573897177203028,-0.0063043454952878,-0.005248470537726702,0.00043202014350463003,0.01106161654178206,-0.0038781911142852232,0.009946659737300467,-0.006038176418157681,0.00331487071100961,-0.0056413834506754135,0.004579937525448469,0.013292894544235434,0.006338494234458425,0.019056765161621247,0.0016580572060936882,0.01179406126359761,0.004191957670882207,0.017531005096245278,-0.0004654260471951277,0.03777066203666474,-0.015351637494748271,0.04384293026041031,-0.020337510060775332,0.047527818770146446,-0.05815299969842924,0.05363774110517894,-0.06321163828238197,0.027789150733268153,-0.03409349622855595,0.03375799393500417,-0.03900646447273087,659930.0,25387.5,25.99428852781881,0.0,1723554.0,148246.0,11.626310322032298,0.0,2151818.0,385534.0,5.581396193331846,0.030113724639350525,0.03673777203188968,5.304312822012028,3.909903038379348,0.005046811230621451,0.0,3901417.0,1.6381536903435263,0.01149363668528669,0.01106161654178206,0.006068468623015244,0.009946659737300467,0.0027233057071480715,0.00331487071100961,0.0010614459252269448,0.004579937525448469,-0.0010614459252269448,0.004579937525448469,-1.0,-0.020714822367714936,-0.0016580572060936882,-0.01706557904905015,0.0004654260471951277,-0.023505420199634974,0.020337510060775332,0.009573897177203028,0.06321163828238197,0.005248470537726702,0.03900646447273087,HAL|2024-08
279bd8f3-490d-4f1a-b722-085c6a70106a,HAL,2024-11-14 12:54:09.897,DissemDT,,2024-11-14 12:53:00,4044.0,2024-11-14 12:55:00,114545.0,114543.0,2024-11-14,308.0,in_session,in_session,0.8350500000000001,155.0,375.0,False,2024-11-14,435.0,False,False,False,False,Financial Results,subcategory,1,False,,Financial Results For The Period Ended 30.09.2024,Announcement attached,Result,Financial Results,HAL-0051,"(1, Timestamp('2024-11-14 12:55:00'))",279bd8f3-490d-4f1a-b722-085c6a70106a,1,0,Financial Results,0.0,True,True,0.011943620178041625,0.03145400593471814,0.015578635014836806,0.014218595450049554,0.010014836795252169,-0.004144825064000934,-0.013353115727002929,-0.027185176155065216,0.060818496538081135,0.04594660490064606,0.11399604352126613,0.09837864196025836,0.15603363006923843,0.13982689260026815,-0.0007746188792557562,0.012718239057297381,-4.343666631290155e-05,0.031497442601031045,-0.001130900672180024,0.01670953568701683,-0.003439662697730883,0.017658258147780437,-0.006865755693486325,0.016880592488738494,-0.003424006970839555,-0.0007208180931613795,-0.009910574043660358,-0.0034425416833425704,-0.006436081888067324,-0.02074909426699789,0.01932333969914829,0.041495156838932845,0.022872670690913616,0.023073934209732444,0.03165149854291838,0.08234454497834776,0.03524348177201886,0.0631351601882395,0.056106349915997,0.09992728015324143,0.0598392481229002,0.07998764447736795,169359.0,8965.0,18.891132180702733,0.0,741881.0,57814.5,12.832092295185463,0.0,1235143.0,111565.0,11.071061712902791,0.021222129372381156,0.031385161361872,4.2299142201325814,3.9962175200687073,0.0026341589840469526,0.0,3873507.0,3.0201264731715245,0.011943620178041625,0.012718239057297381,0.03145400593471814,0.031497442601031045,0.015578635014836806,0.01670953568701683,0.014218595450049554,0.017658258147780437,0.014218595450049554,0.017658258147780437,1.0,-0.004144825064000934,-0.0007208180931613795,-0.027185176155065216,-0.02074909426699789,0.04594660490064606,0.023073934209732444,0.09837864196025836,0.0631351601882395,0.13982689260026815,0.07998764447736795,HAL|2024-11
ea3ea8a5-4858-43fe-8b14-2e2af6a9ecf4,HAL,2025-02-12 13:33:04.110,DissemDT,,2025-02-12 13:32:00,3617.45,2025-02-12 13:34:00,137834.0,137832.0,2025-02-12,370.0,in_session,in_session,0.9315,116.0,375.0,False,2025-02-12,373.0,False,False,False,False,Financial Results,subcategory,1,False,,Financial Results For The Quarter And Period Ended 31.12.2024 And Declaration Of First Interim Dividend For The FY 2024-25,announcement attached,Result,Financial Results,HAL-0052,"(1, Timestamp('2025-02-12 13:34:00'))",ea3ea8a5-4858-43fe-8b14-2e2af6a9ecf4,2,0,Financial Results,0.31666666666666665,True,True,0.006233672891124975,-0.010145268075578029,-0.01062903426446804,-0.004533580284454386,0.01249498956447237,0.01710612182557858,-0.03523200044230046,-0.030838227739131696,-0.0717217929757149,-0.06749420307965737,-0.10464553760245465,-0.1005678899209953,-0.06149359355346995,-0.05721942211299491,-0.0001499982572596148,0.00638367114838459,-0.006161833308572923,-0.003983434767005106,-0.0068338274613761185,-0.0037952068030919217,0.006864021365830808,-0.011397601650285194,0.005877778594395727,0.006617210970076642,-0.0010828239157180397,0.01818894574129662,-0.009420948375689936,-0.025811052066610524,-0.015517686143109749,-0.015320541596021947,0.008757749789871427,-0.08047954276558633,0.0019285043760953469,-0.06942270745575271,-0.03174428190746839,-0.07290125569498626,-0.038113255651086836,-0.062454634269908466,-0.028937077300220188,-0.03255651625324976,-0.034803827796466985,-0.022415594316527926,154697.0,12789.5,12.09562531764338,0.0,513085.0,81108.0,6.325948118557972,0.0,734791.0,180415.5,4.072770909373086,0.021001682432011348,0.027595989102041963,3.71769138749602,2.9512526187556607,0.0030474852959159193,0.0,3094715.0,1.710983563369859,0.006233672891124975,0.00638367114838459,0.010145268075578029,0.003983434767005106,0.01062903426446804,0.0037952068030919217,0.004533580284454386,0.011397601650285194,-0.004533580284454386,-0.011397601650285194,-1.0,-0.01710612182557858,-0.01818894574129662,0.030838227739131696,0.015320541596021947,0.06749420307965737,0.06942270745575271,0.1005678899209953,0.062454634269908466,0.05721942211299491,0.022415594316527926,HAL|2025-02
d330afcd-3367-48c0-91c9-2e630dbd106b,HAL,2025-05-13 19:42:50.850,DissemDT,,2025-05-13 15:29:00,4608.7,2025-05-14 09:15:00,159325.0,159324.0,2025-05-14,428.0,after_close,at_open,812.1525,375.0,375.0,False,2025-05-13,315.0,False,False,False,False,Financial Results,subcategory,1,True,,Announcement under Regulation 30 (LODR)-Analyst / Investor Meet - Intimation,Announcement attached,Company Update,Analyst / Investor Meet,HAL-0053,"(10, Timestamp('2025-05-14 09:15:00'))",d2a1d4d3-ac40-4e44-980f-889d0df2d7f1,2,1,Financial Results | Investor Communication,4.083333333333333,False,False,-0.0008462256167681703,0.003404430750537202,0.02148111181027179,0.0370603423959035,0.055612211686592694,0.017888900512605943,0.08837633172044179,0.04948216340621414,0.08555557966454752,0.04676221362067157,0.08935274589363607,0.05042368448582479,0.09358387397747747,0.054503609164138433,0.010452481778021994,-0.011298707394790164,0.008691926065284544,-0.0052874953147473425,0.008646331490717696,0.012834780319554095,0.010049530305314691,0.02701081209058881,0.019079507949112423,0.03653270373748027,0.008948483703032362,0.008940416809573581,0.05747657928030969,0.0308997524401321,0.045678187494001876,0.003803975912212265,0.04547707855147892,0.0400785011130686,0.034265971271599305,0.012496242349072262,0.04395139450394439,0.045401351389691674,0.032708875066483706,0.017714809419341088,0.05891363677614275,0.03467023720133472,0.0472608499973845,0.0072427591667539315,345624.0,167585.0,2.0623802846316797,0.0,846550.0,467332.0,1.811453099723537,0.0,1547077.0,739272.0,2.092703362226623,0.010832913015768662,0.02811947337394379,0.7121986884499122,1.4925112811180787,0.009861962200063523,0.0,8433413.0,3.9427430292416306,0.0008462256167681703,0.011298707394790164,0.003404430750537202,0.0052874953147473425,0.02148111181027179,0.012834780319554095,0.0370603423959035,0.02701081209058881,0.0370603423959035,0.02701081209058881,1.0,0.017888900512605943,0.008940416809573581,0.04948216340621414,0.003803975912212265,0.04676221362067157,0.012496242349072262,0.05042368448582479,0.017714809419341088,0.054503609164138433,0.0072427591667539315,HAL|2025-05
9caa1578-fa54-47a3-bdfb-0daf94ff809f,HAL,2025-08-12 14:20:48.130,DissemDT,,2025-08-12 14:19:00,4346.3,2025-08-12 14:21:00,183631.0,183629.0,2025-08-12,492.0,in_session,in_session,0.19783333333333333,69.0,375.0,False,2025-08-12,251.0,False,False,False,False,Financial Results,subcategory,1,False,2025-06-30,Financial Result For The Quarter Ending 30Th June 2025,Financial results for the quarter ending 30th June 2025,Result,Financial Results,HAL-FP-2025-06-30,"(1, Timestamp('2025-08-12 14:21:00'))",9caa1578-fa54-47a3-bdfb-0daf94ff809f,1,0,Financial Results,0.0,False,False,0.026712376043991348,0.014357039320801457,0.01750914571014417,0.01695695189011337,0.041414536502312416,0.0240497737556562,0.03805535743045807,0.0207466063348416,0.0284609898074224,0.011312217194570096,0.0017256056875962766,-0.014977375565610851,0.053562800542990674,0.03599547511312218,0.0004712503220488107,0.026241125721942538,-0.0013750759800996437,0.0157321153009011,-0.011259142566607594,0.028768288276751763,-0.013652021880361354,0.030608973770474723,0.002012636349191327,0.03940190015312109,0.015744368487687677,0.008305405267968524,0.0070144706871741735,0.031040886743283896,0.020644916464398477,0.00010168987044312239,0.023765659095319525,0.004695330712102874,0.03764920412862871,-0.026336986934058615,0.004038592118024237,-0.00231298643042796,0.016831101862978454,-0.031808477428589305,0.030644917455255938,0.022917883087734736,0.04463148227600955,-0.008636007162887371,443722.0,6780.0,65.44572271386431,0.0,1140601.0,47020.0,24.25778392173543,0.0,1477921.0,158569.0,9.320365266855438,0.018558048012863457,0.030670339761248937,5.145841838071075,5.186203111804863,0.0025065514410504974,0.0,2940849.0,3.5914752732977018,0.026712376043991348,0.026241125721942538,0.014357039320801457,0.0157321153009011,0.01750914571014417,0.028768288276751763,0.01695695189011337,0.030608973770474723,0.01695695189011337,0.030608973770474723,1.0,0.0240497737556562,0.008305405267968524,0.0207466063348416,0.00010168987044312239,0.011312217194570096,-0.026336986934058615,-0.014977375565610851,-0.031808477428589305,0.03599547511312218,-0.008636007162887371,HAL|2025-08
074483ed-7e0b-41ee-b275-4c9d6fa747f4,HAL,2025-11-12 14:25:04.373,DissemDT,,2025-11-12 14:24:00,4900.5,2025-11-12 14:26:00,206196.0,206194.0,2025-11-12,553.0,in_session,in_session,0.9271166666666667,64.0,375.0,False,2025-11-12,190.0,False,False,False,False,Financial Results,subcategory,1,False,2025-09-30,"Audited Financial Results (Standalone And Consolidated)
For The Quarter And Half Year Ended 30Th September, 2025",Announcement as attached,Result,Financial Results,HAL-FP-2025-09-30,"(1, Timestamp('2025-11-12 14:26:00'))",074483ed-7e0b-41ee-b275-4c9d6fa747f4,1,0,Financial Results,0.0,False,False,-0.021875318845015812,-0.030323436384042557,-0.03320069380675439,-0.034241403938373716,-0.031690643811855934,0.0026411984702179314,-0.01765126007550255,0.01717835485029684,-0.03275176002448732,0.0015424599066071742,-0.07948168554229162,-0.04684429606778373,-0.12376288133863889,-0.09269550151076544,-0.00021935018552213248,-0.02165596865949368,-0.0010983710326896712,-0.029225065351352886,-0.003290967504163883,-0.029909726302590506,-0.002542590893661434,-0.03169881304471228,-0.004725913920545194,-0.02696472989131074,-0.002185631463935689,0.00482682993415362,0.021798972101025993,-0.039450232176528544,0.02441481145694524,-0.0072364566066484,0.01529133865643506,-0.04804309868092238,0.01789386795632658,-0.016351408049719407,0.02409567875537244,-0.10357736429766407,0.026718146115906838,-0.07356244218369057,-0.012933823575809994,-0.11082905776282889,-0.010421852769406381,-0.08227364874135906,284962.0,6165.0,46.222546634225466,0.0,1219401.0,51711.5,23.58084758709378,0.0,1721132.0,181646.5,9.47517293204108,0.02021736168755363,0.03887707358570825,7.058413762255841,8.221650688930119,0.0016250554651164872,0.0,2722476.0,3.3158185119912504,0.021875318845015812,0.02165596865949368,0.030323436384042557,0.029225065351352886,0.03320069380675439,0.029909726302590506,0.034241403938373716,0.03169881304471228,-0.034241403938373716,-0.03169881304471228,-1.0,-0.0026411984702179314,-0.00482682993415362,-0.01717835485029684,0.0072364566066484,-0.0015424599066071742,0.016351408049719407,0.04684429606778373,0.07356244218369057,0.09269550151076544,0.08227364874135906,HAL|2025-11
6b2f033b-d40d-4af7-9c7a-8f51b35f55bc,HAL,2026-02-12 13:16:40.387,DissemDT,,2026-02-12 13:15:00,4086.4,2026-02-12 13:17:00,230127.0,230125.0,2026-02-12,617.0,in_session,in_session,0.3268833333333333,133.0,375.0,False,2026-02-12,126.0,False,False,False,False,Financial Results,outcome-resolved:Financial Results,1,False,2025-12-31,"Board Meeting Outcome for Audited Financial Results (Standalone And Consolidated) For The Quarter And Period Ended 31St December, 2025 And Declaration Of First Interim Dividend",Announcement as attached,Board Meeting,Outcome of Board Meeting,HAL-FP-2025-12-31,"(1, Timestamp('2026-02-12 13:17:00'))",6b2f033b-d40d-4af7-9c7a-8f51b35f55bc,1,0,Financial Results,0.0,True,True,0.013067736883320302,0.00944596711041501,0.020115505090054775,0.022611589663273257,0.02926781519185595,0.0065090456590408685,0.03758809710258415,0.014645352732841843,0.008222396241190255,-0.014071025174691387,-0.019919733750978885,-0.04159088733607741,-0.04267815191855917,-0.06384608021441562,0.000519741638057597,0.012547995245262705,0.0007049572683543726,0.008741009842060637,-0.0017220895413855575,0.021837594631440332,-0.0014101691047323228,0.02402175876800558,-0.022493609054827862,0.05176142424668381,-0.02113144034790157,0.02764048600694244,-0.015449459482337058,0.05303755658492121,-0.014068433623405263,0.028713786356247106,-0.028129963486399095,0.03635235972758935,-0.026775308125106784,0.012704282950415396,-0.021831183037639784,0.001911449286660899,-0.020535410632823325,-0.021055476703254083,-0.11272609275084944,0.07004794083229027,-0.11142542897912824,0.04757934876471262,492840.0,11130.0,44.28032345013477,0.0,1007437.0,55622.5,18.11204099060632,0.0,1405000.0,140094.0,10.02898054163633,0.022589353505082135,0.024429648487222212,4.913746630971829,3.524799394767381,0.0020570482316641936,0.0,2759008.0,2.005080637219901,0.013067736883320302,0.012547995245262705,0.00944596711041501,0.008741009842060637,0.020115505090054775,0.021837594631440332,0.022611589663273257,0.02402175876800558,0.022611589663273257,0.02402175876800558,1.0,0.0065090456590408685,0.02764048600694244,0.014645352732841843,0.028713786356247106,-0.014071025174691387,0.012704282950415396,-0.04159088733607741,-0.021055476703254083,-0.06384608021441562,0.04757934876471262,HAL|2026-02
6cef8f26-381f-4da0-8565-f581a3896c6c,HAL,2026-05-14 12:40:46.420,DissemDT,,2026-05-14 12:39:00,4599.1,2026-05-14 12:41:00,252216.0,252214.0,2026-05-14,676.0,in_session,in_session,0.22633333333333333,169.0,375.0,False,2026-05-14,67.0,False,False,False,False,Financial Results,subcategory,1,False,2026-03-31,"Financial Result For The Year Ended March 31, 2026",Announcement as attached,Result,Financial Results,HAL-FP-2026-03-31,"(1, Timestamp('2026-05-14 12:41:00'))",6cef8f26-381f-4da0-8565-f581a3896c6c,1,0,Financial Results,0.0,False,False,0.03648539931725758,0.026200778413167702,0.024330847339696815,0.001282859689939242,-0.048292057141614775,-0.04951140065146575,-0.05635885281902997,-0.05756786102062983,-0.051118697136396274,-0.05233441910966341,-0.06353416972886017,-0.0647339847991315,-0.08851731860581424,-0.08968512486427793,0.0011480426589419723,0.03533735665831561,-0.0008127359031611381,0.02701351431632884,0.0018272255241491286,0.022503621815547686,0.0008505209687460213,0.0004323387211932206,-0.009112248105683257,-0.03917980903593152,-0.009959681071310317,-0.03955171958015544,-0.02741113483430399,-0.02894771798472598,-0.02822987345359179,-0.029337987567038037,-0.02038262864669002,-0.030736068489706253,-0.021196531428611387,-0.031137887681052023,-0.057525254576302254,-0.006008915152557914,-0.058283271969973516,-0.00645071282915799,-0.05920192565474558,-0.029315392951068664,-0.059950229449595105,-0.029734895414682827,503102.0,4212.0,119.44491927825261,0.0,1248856.0,29425.0,42.44200509770603,0.0,1524199.0,83258.5,18.30682753112295,0.02925130313007792,0.04176957407166692,7.7341037926356035,8.567535396406848,0.002913262988224641,0.0,3240855.0,3.331671363872108,0.03648539931725758,0.03533735665831561,0.026200778413167702,0.02701351431632884,0.024330847339696815,0.022503621815547686,0.001282859689939242,0.0004323387211932206,0.001282859689939242,0.0004323387211932206,1.0,-0.04951140065146575,-0.03955171958015544,-0.05756786102062983,-0.029337987567038037,-0.05233441910966341,-0.031137887681052023,-0.0647339847991315,-0.00645071282915799,-0.08968512486427793,-0.029734895414682827,HAL|2026-05
26ada054-2010-42e6-be95-6c89b1f2460a,HAL,2026-08-12 14:07:34.347,DissemDT,,2026-08-12 14:06:00,4874.2,2026-08-12 14:08:00,275553.0,275551.0,2026-08-12,738.0,in_session,in_session,0.42755,82.0,375.0,False,2026-08-12,5.0,False,False,False,True,Financial Results,subcategory,1,False,,Financial Result For The Quarter Ended 30.06.2026,Announcement as attached,Result,Financial Results,HAL-0058,"(1, Timestamp('2026-08-12 14:08:00'))",26ada054-2010-42e6-be95-6c89b1f2460a,1,0,Financial Results,0.0,False,False,0.013212424603011863,0.03253867301300728,0.017746501990070218,0.02478355422428291,0.014525460588404204,-0.010010010010010006,0.037913914078207656,0.01281281281281288,0.029297115424069542,0.004404404404404483,,,,,-0.0004470126471871061,0.01365943725019897,0.0034620630312559575,0.029076609981751322,0.004826256067343104,0.012920245922727114,0.007932947051242478,0.016850607173040433,0.004631933874080285,0.00989352671432392,-0.0032775032715393615,-0.006732506738470645,0.0030553433986148515,0.034858570679592804,-0.004837961439029426,0.017650774251842305,-0.006229698956901064,0.035526814380970606,-0.014071096925029003,0.018475501329433486,,,,,,,,,427750.0,3018.5,141.70945834023522,0.0,1690498.0,26375.0,64.09471090047393,0.0,2263366.0,88670.5,25.52558066098646,0.025254189551209446,0.0523795644751635,6.948800894552453,10.083439858502475,0.002669297822268324,0.0,2899143.0,4.445703069591986,0.013212424603011863,0.01365943725019897,0.03253867301300728,0.029076609981751322,0.017746501990070218,0.012920245922727114,0.02478355422428291,0.016850607173040433,0.02478355422428291,0.016850607173040433,1.0,-0.010010010010010006,-0.006732506738470645,0.01281281281281288,0.017650774251842305,0.004404404404404483,0.018475501329433486,,,,,HAL|2026-08
cc7d8146-478a-49aa-961d-5087ec17e7e8,HDFCBANK,2023-10-16 15:51:12.960,DissemDT,,2023-10-16 15:29:00,766.5,2023-10-17 09:15:00,14625.0,14624.0,2023-10-17,39.0,after_close,at_open,1043.784,375.0,375.0,False,2023-10-16,704.0,False,False,False,False,Financial Results,outcome-resolved:Financial Results,1,False,2023-09-30,"Board Meeting Outcome for Unaudited Financial Results Of HDFC Bank Limited For The Second Quarter Ended September 30, 2023","Unaudited financial results of HDFC Bank Limited for the second quarter ended September 30, 2023",Board Meeting,Outcome of Board Meeting,HDFCBANK-FP-2023-09-30,"(1, Timestamp('2023-10-17 09:15:00'))",cc7d8146-478a-49aa-961d-5087ec17e7e8,3,2,Financial Results | Investor Communication,0.0,False,False,0.00834964122635351,0.005348988910632846,0.0030006523157206644,0.006131767775603425,-0.0091324200913242,-0.015171161825726198,-0.006392694063926951,-0.012448132780083054,-0.025440313111546042,-0.03137966804979264,-0.0365296803652968,-0.04240145228215775,-0.018395303326810164,-0.024377593360995986,0.002087344192736179,0.006262297033617331,0.001544338518622873,0.003804650392009973,0.009684716294114326,-0.006684063978393662,0.005495280305730321,0.0006364874698731038,-0.00120023775041192,-0.00793218234091228,-0.006531649712490983,-0.008639512113235215,-0.01107377821665792,0.004681084152730969,-0.01643353110281215,0.0039853983227290946,-0.05997446282239227,0.03453414971084623,-0.06470600906591362,0.033326341016120975,-0.05583131568239938,0.019301635317102578,-0.06066962673430257,0.01826817445214482,0.019812241982868073,-0.03820754530967824,0.014946519915535361,-0.03932411327653135,2641112.0,1713715.0,1.5411617450976387,0.0,5967002.0,4288432.0,1.3914181220548676,0.0,9166822.0,7708226.0,1.189225899707663,0.014420338079801493,0.013550488599348504,2.3401302219232893,1.7673852614744572,0.00519206208861378,0.0,32179332.0,0.8529636197367898,0.00834964122635351,0.006262297033617331,0.005348988910632846,0.003804650392009973,0.0030006523157206644,0.006684063978393662,0.006131767775603425,0.0006364874698731038,0.006131767775603425,0.0006364874698731038,1.0,-0.015171161825726198,-0.008639512113235215,-0.012448132780083054,0.0039853983227290946,-0.03137966804979264,0.033326341016120975,-0.04240145228215775,0.01826817445214482,-0.024377593360995986,-0.03932411327653135,HDFCBANK|2023-10
74d41429-2eaa-48b4-b0af-03616f1d4334,HDFCBANK,2024-01-16 15:53:09.723,DissemDT,,2024-01-16 15:29:00,839.4,2024-01-17 09:15:00,37935.0,37934.0,2024-01-17,102.0,after_close,at_open,1041.83795,375.0,375.0,False,2024-01-16,641.0,False,False,False,False,Financial Results,outcome-resolved:Financial Results,1,False,2023-12-31,"Board Meeting Outcome for Unaudited Financial Results Of HDFC Bank Limited For The Third Quarter And Nine Months Ended December 31, 2023","Unaudited Financial Results of HDFC Bank Limited for the third quarter and nine months ended December 31, 2023",Board Meeting,Outcome of Board Meeting,HDFCBANK-FP-2023-12-31,"(1, Timestamp('2024-01-17 09:15:00'))",74d41429-2eaa-48b4-b0af-03616f1d4334,3,2,Financial Results | Investor Communication,0.0,False,False,-0.05003573981415299,-0.056707171789373345,-0.05813676435549198,-0.08124851084107687,-0.11198475101262806,-0.03345435684647313,-0.11806051941863238,-0.040067427385892196,-0.13247557779366204,-0.055757261410788406,-0.12651894210150094,-0.04927385892116187,-0.15701691684536567,-0.08246887966804983,0.004431708959139025,-0.054467448773292015,0.009695675562621464,-0.06640284735199481,0.00845160793865718,-0.06658837229414916,0.011567443977958447,-0.09281595481903532,0.00477347644840484,-0.1167582274610329,-0.006706745437569023,-0.02674761140890411,0.10190432537873603,-0.21996484479736841,0.08352299129407945,-0.12359041867997164,0.057788021782819915,-0.19026359957648195,0.041039819370500025,-0.09679708078128843,0.07777449469012845,-0.2042934367916294,0.06130205720417192,-0.1105759161253338,0.02833233808651245,-0.18534925493187812,0.015136889259961428,-0.09760576892801126,20437208.0,1213482.0,16.84178916539347,0.0,45166050.0,2941103.0,15.356840613878534,0.0,57583276.0,5183282.0,11.109423720337809,0.05667623140485378,0.02358974358974356,11.71526241166912,3.055522908408627,0.0038859843049597886,0.0,165305076.0,6.46379280586702,0.05003573981415299,0.054467448773292015,0.056707171789373345,0.06640284735199481,0.05813676435549198,0.06658837229414916,0.08124851084107687,0.09281595481903532,-0.08124851084107687,-0.09281595481903532,-1.0,0.03345435684647313,0.02674761140890411,0.040067427385892196,0.12359041867997164,0.055757261410788406,0.09679708078128843,0.04927385892116187,0.1105759161253338,0.08246887966804983,0.09760576892801126,HDFCBANK|2024-01
89764d5e-0a17-43b8-900b-3035a31f10b3,HDFCBANK,2024-04-20 14:33:08.687,DissemDT,,2024-04-19 15:29:00,767.1,2024-04-22 09:15:00,61290.0,61289.0,2024-04-22,165.0,non_trading_day,at_open,2561.8552166666664,375.0,375.0,False,2024-04-19,578.0,False,False,False,False,Financial Results,subcategory,1,False,2024-03-31,"Audited Financial Results Of HDFC Bank Limited For The Quarter And Year Ended March 31, 2024","Audited Financial Results of HDFC Bank Limited for the quarter and year ended March 31, 2024",Result,Financial Results,HDFCBANK-FP-2024-03-31,"(1, Timestamp('2024-04-22 09:15:00'))",89764d5e-0a17-43b8-900b-3035a31f10b3,3,2,Financial Results | Investor Communication,0.0,True,True,-0.010037804719071897,-0.01029852691956712,-0.009516360318081118,-0.012905748924520899,-0.017338026332942347,-0.004490227152667892,-0.013166471125016344,-0.0002641310089804838,-0.003650110806935336,0.00937665081880601,-0.018641637335419237,-0.005810882197570089,-0.05097119019684526,-0.03856312731114642,0.0040336227419342785,-0.014071427461006175,-0.0012179465807702905,-0.009080580338796829,-0.0015802411813944095,-0.007936119136686709,0.0071900063884642595,-0.02009575531298516,0.02232713360686553,-0.039665159939807876,0.014922806621995743,-0.019413033774663635,0.053875824355106294,-0.06704229548012264,0.04621292192516521,-0.046477052934145696,0.0561700474963972,-0.05982015830333254,0.04841893105300232,-0.039042280234196314,-0.0005566476467456505,-0.018084989688673586,-0.007632943922060431,0.0018220617244903425,0.1513079920665897,-0.20227918226343497,0.14192244666064552,-0.18048557397179193,4770346.0,1945440.0,2.4520653425446173,0.0,9596314.0,4810613.0,1.9948214499898453,0.0,13863300.0,6695611.0,2.0705055894077478,0.00976523941642113,0.028937632135306677,1.5651537932481112,3.210869196063423,0.0055281306715063705,0.0,40195452.0,1.0636236109772979,0.010037804719071897,0.014071427461006175,0.01029852691956712,0.009080580338796829,0.009516360318081118,0.007936119136686709,0.012905748924520899,0.02009575531298516,-0.012905748924520899,-0.02009575531298516,-1.0,0.004490227152667892,0.019413033774663635,0.0002641310089804838,0.046477052934145696,-0.00937665081880601,0.039042280234196314,0.005810882197570089,-0.0018220617244903425,0.03856312731114642,0.18048557397179193,HDFCBANK|2024-04
334cddad-5cd9-4597-b4a1-e1435f59067a,HDFCBANK,2024-07-20 14:14:30.630,DissemDT,,2024-07-19 15:29:00,802.6,2024-07-22 09:15:00,84265.0,84264.0,2024-07-22,227.0,non_trading_day,at_open,2580.4895,375.0,375.0,False,2024-07-19,516.0,False,False,False,False,Financial Results,subcategory,1,False,2024-06-30,"Unaudited Financial Results For The First Quarter Ended June 30, 2024","Unaudited Financial Results for the First quarter ended June 30, 2024",Result,Financial Results,HDFCBANK-FP-2024-06-30,"(1, Timestamp('2024-07-22 09:15:00'))",334cddad-5cd9-4597-b4a1-e1435f59067a,4,2,Financial Results | Investor Communication,0.0,True,True,0.007974084226264555,0.01981061549962626,0.024794418141041552,0.022925492150510873,0.00710191876401689,-0.015468940316686997,0.006728133565910843,-0.015834348355663774,-0.00012459506603546,-0.022533495736906217,0.006728133565910843,-0.015834348355663774,0.01794168950909536,-0.00487210718635811,-0.019716780713240123,0.027690864939504678,-2.8877157341261617e-05,0.019839492656967522,0.003574999957280778,0.021219418183760774,0.006047321847162057,0.016878170303348816,-0.013362598599042458,0.020464517363059348,-0.01898371647697175,0.003514776160284755,-0.015324690910644173,0.022052824476555016,-0.02069820166205974,0.0048638533063959655,0.014454248433184852,-0.014578843499220312,0.008567020877183334,-0.03110051661408955,-0.03722598689265558,0.04395412045856642,-0.04216588164878171,0.026331533293117937,-0.010143904269138776,0.028085593778234136,-0.015208213111789326,0.010336105925431216,4358322.0,1778449.0,2.4506308586864174,0.0,10203826.0,5381557.0,1.896073199633489,0.0,14507540.0,8619042.0,1.683196345951209,0.013667843619823655,0.02095994046880825,2.0604868632372138,1.773618145406307,0.005780519853459509,0.0,53039118.0,1.1866009052725264,0.007974084226264555,0.027690864939504678,0.01981061549962626,0.019839492656967522,0.024794418141041552,0.021219418183760774,0.022925492150510873,0.016878170303348816,0.022925492150510873,0.016878170303348816,1.0,-0.015468940316686997,0.003514776160284755,-0.015834348355663774,0.0048638533063959655,-0.022533495736906217,-0.03110051661408955,-0.015834348355663774,0.026331533293117937,-0.00487210718635811,0.010336105925431216,HDFCBANK|2024-07
4a3d87b7-7a8d-43f1-886f-6ab24b72c79f,HDFCBANK,2024-10-19 14:10:01.670,DissemDT,,2024-10-18 15:29:00,842.4,2024-10-21 09:15:00,107890.0,107889.0,2024-10-21,290.0,non_trading_day,at_open,2584.9721666666665,375.0,375.0,False,2024-10-18,453.0,False,False,False,False,Financial Results,outcome-resolved:Financial Results,1,False,2024-09-30,"Board Meeting Outcome for Unaudited Financial Results Of HDFC Bank Limited (""The Bank"") For The Quarter/Half-Year Ended September 30, 2024","Unaudited Financial Results of HDFC Bank Limited (""the Bank"") for the quarter/half-year ended September 30, 2024",Board Meeting,Outcome of Board Meeting,HDFCBANK-FP-2024-09-30,"(1, Timestamp('2024-10-21 09:15:00'))",4a3d87b7-7a8d-43f1-886f-6ab24b72c79f,4,2,Financial Results | Investor Communication,72.0,True,True,0.024572649572649707,0.0226733143399811,0.031576448243114896,0.023860398860398924,0.017806267806267817,-0.005913043478260938,0.03893637226970559,0.014724637681159392,0.030982905982906095,0.006956521739130528,0.018993352326685642,-0.004753623188405776,0.03038936372269707,0.006376811594202891,0.0015790374304158195,0.022993612142233888,-0.0031774149954313102,0.02585072933541241,-0.004176245208767193,0.03575269345188209,-0.01061849100754425,0.034478889867943174,-0.04120432298996027,0.059010590796228085,-0.031027252840659464,0.025114209362398526,-0.04956498065535317,0.08850135292505876,-0.03945061501670563,0.05417525269786502,-0.0585794247872744,0.0895623307701805,-0.04864110251860612,0.05559762425773665,-0.05047177710963943,0.06946512943632507,-0.040165835893199386,0.03541221270479361,-0.09418375042862895,0.12457311415132602,-0.08434777533717314,0.09072458693137603,3732676.0,1464802.0,2.5482461110784937,0.0,8253274.0,3679334.0,2.243143460202308,0.0,12147670.0,5382961.0,2.256689208783047,0.023805628254263033,0.01671537112799527,3.6760704380403877,1.5536391687999476,0.00699965366006694,0.0,45627098.0,1.6310607026604567,0.024572649572649707,0.022993612142233888,0.0226733143399811,0.02585072933541241,0.031576448243114896,0.03575269345188209,0.023860398860398924,0.034478889867943174,0.023860398860398924,0.034478889867943174,1.0,-0.005913043478260938,0.025114209362398526,0.014724637681159392,0.05417525269786502,0.006956521739130528,0.05559762425773665,-0.004753623188405776,0.03541221270479361,0.006376811594202891,0.09072458693137603,HDFCBANK|2024-10
a0cfd7d4-36ab-4858-ad7d-848b1929e7a8,HDFCBANK,2025-01-22 14:13:41.727,DissemDT,,2025-01-22 14:12:00,825.3,2025-01-22 14:14:00,131874.0,131872.0,2025-01-22,354.0,in_session,in_session,0.30455,76.0,375.0,False,2025-01-22,389.0,False,False,False,False,Financial Results,subcategory,1,False,2024-12-31,"Unaudited Financial Results Of HDFC Bank Limited (""The Bank"") For The Quarter And Nine-Months Ended December 31, 2024","Unaudited Financial Results of HDFC Bank Limited (""the Bank"") for the quarter and nine-months ended December 31, 2024",Result,Financial Results,HDFCBANK-FP-2024-12-31,"(1, Timestamp('2025-01-22 14:14:00'))",a0cfd7d4-36ab-4858-ad7d-848b1929e7a8,4,1,Financial Results | Investor Communication,163.01666666666668,False,True,0.0018175209014903437,0.00932994062765058,0.010299285108445355,0.012964982430631267,0.008724100327153872,-0.004186602870813405,-0.012722646310432517,-0.025358851674641247,0.01538834363261854,0.0023923444976077235,0.0398642917726888,0.02655502392344511,0.043862837755967554,0.030502392344497586,-0.0009365678931078092,0.002754088794598153,0.004464914336054171,0.004865026291596408,0.009158111196316016,0.0011411739121293396,0.011978450778586724,0.0009865316520445422,0.02358664010569611,-0.014862539778542239,0.011392730232615583,-0.015579333103428988,-0.01687583269323714,0.0041531863828046245,-0.028558888822132228,0.0032000371474909806,0.010131929919456273,0.005256413713162267,-0.0019762183653181664,0.00436856286292589,0.01523235428204811,0.024631937490640687,0.0032271181002450633,0.023327905823200046,-0.0788112350523699,0.12267407280833745,-0.08949690444014255,0.11999929678464014,1346882.0,181351.0,7.426934508218868,0.0,6516884.0,1435584.0,4.539535129954081,0.0,12346530.0,4059042.0,3.0417349709611283,0.011847017525105006,0.01530426333049924,3.6035745131951344,3.4285671703820415,0.0014248589743515727,0.0,30176944.0,1.647002730000644,0.0018175209014903437,0.002754088794598153,0.00932994062765058,0.004865026291596408,0.010299285108445355,0.0011411739121293396,0.012964982430631267,0.0009865316520445422,0.012964982430631267,0.0009865316520445422,1.0,-0.004186602870813405,-0.015579333103428988,-0.025358851674641247,0.0032000371474909806,0.0023923444976077235,0.00436856286292589,0.02655502392344511,0.023327905823200046,0.030502392344497586,0.11999929678464014,HDFCBANK|2025-01
817c7bbc-60a9-484f-83c0-fad34de0b1c7,HDFCBANK,2025-04-19 14:58:31.240,DissemDT,,2025-04-17 15:29:00,952.9,2025-04-21 09:15:00,153325.0,153324.0,2025-04-21,412.0,non_trading_day,at_open,2536.4793333333337,375.0,375.0,False,2025-04-17,331.0,False,False,False,False,Financial Results,subcategory,1,False,2025-03-31,"Audited Standalone And Consolidated Financial Results Of The Bank For The Quarter And Year Ended March 31, 2025","Audited Standalone and Consolidated Financial Results of the Bank for the quarter and year ended March 31, 2025",Result,Financial Results,HDFCBANK-FP-2025-03-31,"(1, Timestamp('2025-04-21 09:15:00'))",817c7bbc-60a9-484f-83c0-fad34de0b1c7,3,2,Financial Results | Investor Communication,0.0,True,True,0.020673732815615464,0.014482107251547971,0.010599223423234383,0.010179452198551875,0.02843950047224264,0.01807604404737173,0.004722426277678604,-0.005402036152088119,0.007975653268968541,-0.0021815915229587146,0.0119634799034527,0.0017660502804903722,0.00598173995172635,-0.0041554124246832025,0.0012091250732341186,0.019464607742381346,0.010781895545771636,0.003700211705776335,0.01972074882355196,-0.009121525400317576,0.014864487340597587,-0.004685035142045713,0.005587815936168888,0.022851684536073752,-0.009163598309860466,0.027239642357232197,0.015355598964266692,-0.010633172686588088,0.0004987190742389014,-0.00590075522632702,0.029460710683707203,-0.021485057414738662,0.014314292818598806,-0.01649588434155752,0.0285441615471079,-0.0165806816436552,0.013342465262204839,-0.011576414981714467,0.10883389911448771,-0.10285215916276136,0.09244306304005317,-0.09659847546473638,6582482.0,1692934.0,3.888209463570346,0.0,12153446.0,4155493.0,2.924670069231256,0.0,15304474.0,5665607.0,2.701294671515338,0.01763781758224048,0.021361256544502594,2.2011040601190697,1.7937163041483317,0.00993761726236786,0.0,34221306.0,1.2319656756213448,0.020673732815615464,0.019464607742381346,0.014482107251547971,0.003700211705776335,0.010599223423234383,0.009121525400317576,0.010179452198551875,0.004685035142045713,0.010179452198551875,-0.004685035142045713,1.0,0.01807604404737173,0.027239642357232197,-0.005402036152088119,-0.00590075522632702,-0.0021815915229587146,-0.01649588434155752,0.0017660502804903722,-0.011576414981714467,-0.0041554124246832025,-0.09659847546473638,HDFCBANK|2025-04
60202774-0033-4dc9-a75a-880d999201ba,HDFCBANK,2025-07-19 14:59:59.280,DissemDT,,2025-07-18 15:29:00,978.0,2025-07-21 09:15:00,177325.0,177324.0,2025-07-21,476.0,non_trading_day,at_open,2535.012,375.0,375.0,False,2025-07-18,267.0,False,False,False,False,Financial Results,outcome-resolved:Financial Results,1,False,,"Board Meeting Outcome for Outcome Of The Board Meeting Held On July 19, 2025 - Financial Results, Special Interim Dividend & Bonus","Outcome of the Board Meeting held on July 19, 2025 - Financial Results, Special Interim Dividend & Bonus",Board Meeting,Outcome of Board Meeting,HDFCBANK-0317,"(1, Timestamp('2025-07-21 09:15:00'))",60202774-0033-4dc9-a75a-880d999201ba,3,2,Financial Results | Investor Communication,0.0,True,True,0.018813905930470387,0.016973415132924385,0.019938650306748462,0.023312883435582687,0.02505112474437632,0.0016986410871302482,0.028425357873210544,0.004996003197442089,0.027607361963190247,0.004196642685851293,0.019631901840490906,-0.00359712230215814,0.017382413087934534,-0.005795363709032775,-0.0025405661813379665,0.021354472111808354,-0.003943601205421865,0.02091701633834625,-0.0018754507063276915,0.021814101013076154,0.0045837410056024375,0.01872914242998025,0.0030120300748016915,0.022039094669574627,-0.0017071913902305946,0.003405832477360843,-0.005239674983244708,0.03366503285645525,-0.009860575332704652,0.014856578530146741,-0.039006488753624946,0.06661385071681519,-0.04324454951586454,0.04744119220171583,-0.03044889943857551,0.05008080127906642,-0.03465296103898821,0.03105583873683007,-0.0336878965887826,0.051070309676717135,-0.03786321562730824,0.032067851918275464,3110976.0,1150898.0,2.70308576433359,0.0,5595688.0,2174369.0,2.5734767189929584,0.0,8712178.0,2922232.0,2.9813437126141937,0.018838227848215063,0.012952843553936404,4.066616342805557,1.7468467212238683,0.004234666019173827,0.0,22307392.0,1.4236105363069829,0.018813905930470387,0.021354472111808354,0.016973415132924385,0.02091701633834625,0.019938650306748462,0.021814101013076154,0.023312883435582687,0.01872914242998025,0.023312883435582687,0.01872914242998025,1.0,0.0016986410871302482,0.003405832477360843,0.004996003197442089,0.014856578530146741,0.004196642685851293,0.04744119220171583,-0.00359712230215814,0.03105583873683007,-0.005795363709032775,0.032067851918275464,HDFCBANK|2025-07
121e4ed1-888b-409e-9f57-bbc1e86ca250,HDFCBANK,2026-04-18 14:45:54.733,DissemDT,,2026-04-17 15:29:00,800.0,2026-04-20 09:15:00,245635.0,245634.0,2026-04-20,659.0,non_trading_day,at_open,2549.0877833333334,375.0,375.0,False,2026-04-17,84.0,False,False,False,False,Financial Results,subcategory,1,True,,"Board Meeting Outcome for Outcome Of The Board Meeting Held On April 18, 2026","Outcome of the Board Meeting held on April 18, 2026",Board Meeting,Outcome of Board Meeting,HDFCBANK-FP-2026-03-31,"(9, Timestamp('2026-04-20 09:15:00'))",7bc1462c-69f8-4db0-94b7-966b3f0c1320,4,3,Board Meeting Outcome | Financial Results | Investor Communication,0.0,True,True,-0.010062499999999974,-0.010750000000000037,-0.003937499999999927,-0.005999999999999894,0.014999999999999902,0.021126760563380254,-0.02012500000000006,-0.014210261569416627,-0.012499999999999956,-0.00653923541247492,-0.033499999999999974,-0.027665995975855173,-0.0465000000000001,-0.0407444668008049,-0.003881662817373982,-0.006180837182625992,-0.010853761835425718,0.00010376183542568085,-0.008438162137507116,0.004500662137507189,-0.015443623200992962,0.009443623200993068,-0.011782772111703227,0.02678277211170313,0.003762366127965211,0.017364394435415043,-0.009369949485261347,-0.010755050514738712,0.006277892111154815,-0.02048815368057144,-0.002175503419727165,-0.01032449658027279,0.013580349524517032,-0.020119584936991952,0.030996156664609698,-0.06449615666460967,0.04695291015990838,-0.07461890613576355,-0.036373704378868665,-0.010126295621131431,-0.02129193607500826,-0.01945253072579664,6061802.0,4573542.5,1.3254062906379465,0.0,12349844.0,8555451.0,1.4435059005071738,0.0,16396208.0,11649841.5,1.40741897647277,0.010350383712169179,0.025253164556962082,0.5276469090537221,1.5370334735308575,0.017198813751603037,0.0,52142624.0,0.9434801842853026,0.010062499999999974,0.006180837182625992,0.010750000000000037,0.00010376183542568085,0.003937499999999927,0.004500662137507189,0.005999999999999894,0.009443623200993068,-0.005999999999999894,0.009443623200993068,-1.0,-0.021126760563380254,-0.017364394435415043,0.014210261569416627,0.02048815368057144,0.00653923541247492,0.020119584936991952,0.027665995975855173,0.07461890613576355,0.0407444668008049,0.01945253072579664,HDFCBANK|2026-04
2d57b8ec-8a8b-4fd6-a793-9fd088561102,HDFCBANK,2026-07-18 14:22:51.453,DissemDT,,2026-07-17 15:29:00,820.8,2026-07-20 09:15:00,268885.0,268884.0,2026-07-20,721.0,non_trading_day,at_open,2572.14245,375.0,375.0,False,2026-07-17,22.0,False,False,False,False,Financial Results,subcategory,1,True,,"Board Meeting Outcome for Outcome Of The Board Meeting Held On July 18, 2026","Outcome of the Board Meeting held on July 18, 2026",Board Meeting,Outcome of Board Meeting,HDFCBANK-FP-2026-06-30,"(9, Timestamp('2026-07-20 09:15:00'))",504d44c3-9c2a-4d9c-b247-bec01839eaab,4,3,Board Meeting Outcome | Financial Results | Investor Communication,0.0,False,False,-0.046357212475633514,-0.04727095516569191,-0.04544346978557501,-0.05220516569200773,-0.07224658869395706,-0.02114531782248219,-0.09131335282651065,-0.04126229192107467,-0.0981359649122806,-0.04846069798830266,-0.08260233918128645,-0.03207146988881038,-0.11184210526315785,-0.06292178160550166,-0.0007089613932234895,-0.045648251082410024,0.0013901555929343168,-0.048661110758626225,0.0037540004085725165,-0.049197470194147525,-8.73570199443896e-05,-0.05211780867206334,0.003972079015200886,-0.07621866770915794,0.004078558776786895,-0.025223876599269085,-0.0038324217181327225,-0.08748093110837793,-0.003756050325399024,-0.03750624159567564,-0.0025026216763430476,-0.09563334323593756,-0.0024039762935174624,-0.046056721694785197,0.03382214021975549,-0.11642447940104195,0.03389827212743152,-0.0659697420162419,0.035069918283663654,-0.1469120235468215,0.035225946215284076,-0.09814772782078574,5644501.0,1947220.0,2.8987484721808525,0.0,14347941.0,4739694.0,3.027187198160894,0.0,19844537.0,7197382.5,2.7571880471824306,0.04410664484166592,0.01607717041800643,5.490092539880892,1.5141436443279468,0.007825092293308078,0.0,56053285.0,1.8058891798009618,0.046357212475633514,0.045648251082410024,0.04727095516569191,0.048661110758626225,0.04544346978557501,0.049197470194147525,0.05220516569200773,0.05211780867206334,-0.05220516569200773,-0.05211780867206334,-1.0,0.02114531782248219,0.025223876599269085,0.04126229192107467,0.03750624159567564,0.04846069798830266,0.046056721694785197,0.03207146988881038,0.0659697420162419,0.06292178160550166,0.09814772782078574,HDFCBANK|2026-07
9babb943-60b7-4327-a8ba-1cdad63a2d65,NYKAA,2023-11-06 15:40:54.333,DissemDT,,2023-11-06 15:29:00,147.45,2023-11-07 09:15:00,19875.0,19874.0,2023-11-07,53.0,after_close,at_open,1054.09445,375.0,375.0,False,2023-11-06,690.0,False,False,False,False,Financial Results,subcategory,1,False,2023-09-30,"Consolidated And Standalone Unaudited Financial Results For The Quarter And Half Year Ended September 30, 2023","The Board of Directors of the Company, at its meeting held today i.e., November 06, 2023, has approved the Unaudited Standalone and Consolidated Financial Results for the quarter and half ....",Result,Financial Results,NYKAA-FP-2023-09-30,"(1, Timestamp('2023-11-07 09:15:00'))",9babb943-60b7-4327-a8ba-1cdad63a2d65,5,3,Financial Results | Investor Communication,0.0,True,True,0.04103085791793837,0.020345879959308144,0.017633095964733947,0.01186842997626325,0.011190233977619535,-0.0006702412868632157,0.01729399796541209,0.00536193029490617,0.026110545947779062,0.014075067024128751,0.16751441166497139,0.15382037533512083,0.17633095964733814,0.1625335120643432,-1.2253127629369143e-05,0.04104311104556774,0.001742823093714485,0.01860305686559366,0.003194946944432925,0.014438149020301022,0.01153509663729091,0.0003333333389723414,0.026003805538769825,-0.01481357156115029,0.014278377517794816,-0.014948618804658032,0.016359137044159977,0.000934860921252112,0.0046130004439148,0.00074892985099137,0.016957968649695593,0.00915257729808347,0.005178994370023948,0.008896072654104803,0.056119476217792785,0.1113949354471786,0.04375827596588294,0.11006209936923789,0.16473737911056358,0.011593580536774561,0.14908813871454624,0.013445373349796952,2258902.0,114390.0,19.74737302211732,0.0,6963543.0,341065.5,20.417025468714954,0.0,9462787.0,533757.0,17.72864243466596,0.04924213270139067,0.03892617449664437,4.593792870686753,2.483923089742361,0.008979081428269753,0.0,21172451.0,7.68068692290419,0.04103085791793837,0.04104311104556774,0.020345879959308144,0.01860305686559366,0.017633095964733947,0.014438149020301022,0.01186842997626325,0.0003333333389723414,0.01186842997626325,0.0003333333389723414,1.0,-0.0006702412868632157,-0.014948618804658032,0.00536193029490617,0.00074892985099137,0.014075067024128751,0.008896072654104803,0.15382037533512083,0.11006209936923789,0.1625335120643432,0.013445373349796952,NYKAA|2023-11
1fb6dc13-8133-459f-9a9c-cda3a4242e1f,NYKAA,2024-01-29 18:22:47.450,DissemDT,,2024-01-29 15:29:00,162.15,2024-01-30 09:15:00,40935.0,40934.0,2024-01-30,110.0,after_close,at_open,892.2091666666668,375.0,375.0,False,2024-01-29,633.0,False,False,False,False,Financial Results,keyword:Financial Results,1,False,2023-12-31,Intimation Of Conference Call,"This is to inform you that a conference call is scheduled on Tuesday February 6, 2024 for discussing Company''s financial results for the quarter and nine months ended December 31, 2023.

Details ....",Company Update,General,NYKAA-FP-2023-12-31,"(1, Timestamp('2024-01-30 09:15:00'))",1fb6dc13-8133-459f-9a9c-cda3a4242e1f,2,0,Financial Results,192.0,False,False,0.006167129201356758,0.005242059821153111,0.0018501387604068498,0.023743447425223607,0.008942337341967255,-0.014457831325301207,0.0037002775208139216,-0.01957831325301207,-0.010175763182238673,-0.033132530120481896,-0.08726487819919826,-0.10843373493975905,-0.05951279679309285,-0.08132530120481929,0.0071985206134767,-0.001031391412119942,-0.00011197843912560956,0.005354038260278721,0.0006880497103815275,0.0011620890500253223,-0.006999593004241772,0.03074304042946538,0.007157466522337563,0.0017848708196296914,0.01433291306365575,-0.028790744388956957,-0.005002677114724574,0.008702954635538496,0.0022402660541005204,-0.02181857930711259,-0.018774490589508724,0.008598727407270051,-0.011700777791196298,-0.021431752329285597,-0.0592625893584256,-0.02800228884077266,-0.05228481252311254,-0.05614892241664651,-0.017324686398051042,-0.042188110395041806,-0.010262113422606967,-0.07106318778221232,139523.0,334438.0,0.4171864441241725,0.0,373324.0,1041389.0,0.3584865981876129,0.0,613908.0,1548116.0,0.3965516795899015,0.011362226081293867,0.014180024660912526,0.8202570585523349,0.6198804440369781,0.013790336251140567,0.0,7537369.0,0.7862833292779707,0.006167129201356758,0.001031391412119942,0.005242059821153111,0.005354038260278721,0.0018501387604068498,0.0011620890500253223,0.023743447425223607,0.03074304042946538,0.023743447425223607,0.03074304042946538,1.0,-0.014457831325301207,-0.028790744388956957,-0.01957831325301207,-0.02181857930711259,-0.033132530120481896,-0.021431752329285597,-0.10843373493975905,-0.05614892241664651,-0.08132530120481929,-0.07106318778221232,NYKAA|2024-01
2b511ff4-e61d-4781-bf4f-5299236a000d,NYKAA,2024-05-22 16:18:51.503,DissemDT,,2024-05-22 15:29:00,179.2,2024-05-23 09:15:00,69264.0,69263.0,2024-05-23,187.0,after_close,at_open,1016.1416166666667,375.0,375.0,False,2024-05-22,556.0,False,False,False,False,Financial Results,subcategory,1,False,2024-03-31,"Results For Q4 FY2023-24 And Year Ended March 31, 2024",As per the documents attached,Result,Financial Results,NYKAA-FP-2024-03-31,"(1, Timestamp('2024-05-23 09:15:00'))",2b511ff4-e61d-4781-bf4f-5299236a000d,4,3,Financial Results | Investor Communication,0.0,True,True,0.01813616071428581,0.0078125,0.011718750000000222,-0.0318080357142857,-0.06333705357142849,-0.032564841498559094,-0.07338169642857129,-0.0429394812680115,-0.1004464285714286,-0.0708933717579251,-0.05273437499999989,-0.021613832853025983,-0.027622767857142794,0.004322766570605152,0.011330551775034337,0.006805608939251473,0.02341657054925389,-0.01560407054925389,0.02132483926988893,-0.009606089269888707,0.033434074346312403,-0.0652421100605981,0.04300149860611485,-0.10633855217754334,0.00976194081529519,-0.04232678231385428,0.038924015970939696,-0.11230571239951098,0.005353196831890256,-0.04829267809990176,0.036814143090304285,-0.1372605716617329,0.0028866001084481285,-0.07377997186637322,0.020474302368302166,-0.07320867736830206,-0.012810867928914588,-0.008802964924111395,0.0954014783092133,-0.1230242461663561,0.059170856802734956,-0.054848090232129804,2608096.0,108838.0,23.963101122769622,0.0,4616150.0,435238.0,10.606036237644691,0.0,5729809.0,681262.5,8.410574484871837,0.03283159929075332,0.04518828451882842,2.4152272326660227,2.1993322436705265,0.0070449880205653015,0.0,13997322.0,5.383602984855912,0.01813616071428581,0.006805608939251473,0.0078125,0.01560407054925389,0.011718750000000222,0.009606089269888707,0.0318080357142857,0.0652421100605981,-0.0318080357142857,-0.0652421100605981,-1.0,0.032564841498559094,0.04232678231385428,0.0429394812680115,0.04829267809990176,0.0708933717579251,0.07377997186637322,0.021613832853025983,0.008802964924111395,-0.004322766570605152,0.054848090232129804,NYKAA|2024-05
39dacc47-9fc2-4c81-9fc9-c8bf7c0796ae,NYKAA,2024-08-13 15:50:40.970,DissemDT,,2024-08-13 15:29:00,188.0,2024-08-14 09:15:00,90639.0,90638.0,2024-08-14,244.0,after_close,at_open,1044.3171666666667,375.0,375.0,False,2024-08-13,499.0,False,False,False,False,Financial Results,subcategory,1,False,2024-06-30,"Results For Quarter Ended June 30, 2024",Attached,Result,Financial Results,NYKAA-FP-2024-06-30,"(1, Timestamp('2024-08-14 09:15:00'))",39dacc47-9fc2-4c81-9fc9-c8bf7c0796ae,5,4,Financial Results | Investor Communication,0.0,True,True,0.015478723404255268,-0.016010638297872304,-0.008936170212766048,0.007925531914893647,0.0292553191489362,0.02116206659982045,0.024468085106382986,0.016412475592379572,0.11648936170212765,0.10771016940207923,0.11803191489361708,0.10924059317114354,0.10425531914893615,0.09557232571639651,-0.0017395607572932292,0.017218284161548497,-0.009422902256893989,-0.006587736040978315,-0.0073570589338946,-0.0015791112788714479,-0.007889250790726249,0.015814782705619895,0.010845735688947644,0.018409583459988554,0.01894495410359487,0.0022171124962255817,0.009684797759038383,0.014783287347344604,0.017694280960412923,-0.0012818053680333508,0.014682290962574285,0.10180707073955336,0.022791742959799244,0.08491842644227998,0.01580405670792359,0.1022278581856935,0.023934118518092296,0.08530647465305125,0.0007143799779545934,0.10354093917098156,0.008552794871473368,0.08701953084492314,2855733.0,164109.5,17.401387488231943,0.0,5823600.0,638383.5,9.122416227863033,0.0,7377347.0,888495.0,8.303194728163918,0.04150388359904816,0.07239843580273726,2.9109924205535984,3.165573660942975,0.007110853934155503,0.0,21546908.0,3.0938811049741526,0.015478723404255268,0.017218284161548497,0.016010638297872304,0.006587736040978315,0.008936170212766048,0.0015791112788714479,0.007925531914893647,0.015814782705619895,0.007925531914893647,0.015814782705619895,1.0,0.02116206659982045,0.0022171124962255817,0.016412475592379572,-0.0012818053680333508,0.10771016940207923,0.08491842644227998,0.10924059317114354,0.08530647465305125,0.09557232571639651,0.08701953084492314,NYKAA|2024-08
66682eb3-0da8-4e67-bc7f-ba209a9ec90e,NYKAA,2024-11-12 15:54:55.563,DissemDT,,2024-11-12 15:29:00,179.01,2024-11-13 09:15:00,113948.0,113947.0,2024-11-13,307.0,after_close,at_open,1040.07395,375.0,375.0,False,2024-11-12,436.0,False,False,False,False,Financial Results,subcategory,1,False,2024-09-30,"Results For The Quarter And Half Year Ended September 30, 2024","Please find attached the results for the quarter and half year ended September 30, 2024.",Result,Financial Results,NYKAA-FP-2024-09-30,"(1, Timestamp('2024-11-13 09:15:00'))",66682eb3-0da8-4e67-bc7f-ba209a9ec90e,5,4,Financial Results | Investor Communication,0.0,True,True,0.030556952125579517,-0.01776437070554704,-0.027819674878498346,-0.03217697335344394,-0.04737165521479236,-0.015699855699855658,-0.05033238366571691,-0.018759018759018753,-0.0465337132003798,-0.014834054834054755,-0.04145019831294339,-0.00958152958152958,-0.061504943857884964,-0.030303030303030276,0.002376577378778888,0.02818037474680063,-0.009040626911697824,-0.008723743793849215,-0.014133657657120907,-0.013686017221377439,-0.024035151890585083,-0.008141821462858856,-0.017762140502256246,-0.029609514712536117,0.006418070697943867,-0.022117926397799526,-0.01664280319293923,-0.033689580472777675,0.007567703278713256,-0.02632672203773201,-0.010537707092436704,-0.035996006107943096,0.013787156245941512,-0.028621211079996267,0.031364185214811824,-0.07281438352775521,0.056922888752889866,-0.06650441833441945,0.06881507255062091,-0.13032001640850588,0.09549918790677864,-0.1258022182098089,2189387.0,129931.0,16.850382125897593,0.0,7611468.0,458455.0,16.602432081665594,0.0,11218298.0,742123.0,15.116494166061422,0.053539953236209435,0.0844485463774803,3.9515024151015514,3.945119556460417,0.01133633338358625,0.0,29050092.0,5.009330948634949,0.030556952125579517,0.02818037474680063,0.01776437070554704,0.008723743793849215,0.027819674878498346,0.013686017221377439,0.03217697335344394,0.008141821462858856,-0.03217697335344394,-0.008141821462858856,-1.0,0.015699855699855658,0.022117926397799526,0.018759018759018753,0.02632672203773201,0.014834054834054755,0.028621211079996267,0.00958152958152958,0.06650441833441945,0.030303030303030276,0.1258022182098089,NYKAA|2024-11
54bbbc61-2323-4613-8cf8-25ccf002dd8e,NYKAA,2025-02-10 15:35:56.107,DissemDT,,2025-02-10 15:29:00,170.52,2025-02-11 09:15:00,137198.0,137197.0,2025-02-11,369.0,after_close,at_open,1059.0648833333332,375.0,375.0,False,2025-02-10,374.0,False,False,False,False,Financial Results,subcategory,1,False,2024-12-31,"Results For The Quarter And Nine Months Ended December 31, 2024","Please find attached the results for the quarter and nine months ended December 31, 2024",Result,Financial Results,NYKAA-FP-2024-12-31,"(1, Timestamp('2025-02-11 09:15:00'))",54bbbc61-2323-4613-8cf8-25ccf002dd8e,5,3,Financial Results | Investor Communication,0.0,False,False,-0.001172882946282039,0.007916959887403152,0.014367816091954033,-0.018296973961998586,0.005160684963640527,0.0238948626045401,-0.012491203377902993,0.005913978494623606,-0.0024630541871921707,0.016129032258064502,-0.04580107905231057,-0.028016726403823133,-0.026507154585972414,-0.008363201911589013,-0.008555521640194547,0.007382638693912508,-0.007995282901717415,0.015912242789120568,-0.01663007274713213,0.030997888839086163,-0.022098702207479226,0.00380172824548064,-0.02401682424867438,0.029177509212314906,-0.0019437298109078738,0.025838592415447975,-0.04379251644638446,0.03130131306848147,-0.022317779225399736,0.028231757720023343,-0.06763544802901572,0.06517239384182355,-0.047104814460448396,0.0632338467185129,-0.06148294031015292,0.01568186125784235,-0.04052838799231434,0.012511661588491207,-0.05551953283037947,0.029012378244407055,-0.03465970931777376,0.02629650740618475,2860850.0,104985.0,27.250083345239798,0.0,7102811.0,365318.0,19.44281694304688,0.0,10616891.0,605974.0,17.520373811417652,0.028483266308951524,0.03806804663335716,2.324178472516313,2.0791284511499954,0.008021322076849191,0.0,34645018.0,6.821710374881785,0.001172882946282039,0.007382638693912508,0.007916959887403152,0.015912242789120568,0.014367816091954033,0.030997888839086163,0.018296973961998586,0.00380172824548064,-0.018296973961998586,0.00380172824548064,-1.0,-0.0238948626045401,-0.025838592415447975,-0.005913978494623606,-0.028231757720023343,-0.016129032258064502,-0.0632338467185129,0.028016726403823133,-0.012511661588491207,0.008363201911589013,-0.02629650740618475,NYKAA|2025-02
7992bfcb-614a-424f-b31d-b4b880ef3a58,NYKAA,2025-05-30 16:39:40.970,DissemDT,,2025-05-30 15:29:00,200.8,2025-06-02 09:15:00,164198.0,164197.0,2025-06-02,441.0,after_close,at_open,3875.3171666666667,375.0,375.0,False,2025-05-30,302.0,False,False,False,False,Financial Results,outcome-resolved:Financial Results,1,False,,Board Meeting Outcome for Audited Standalone And Consolidated Financial Results For Q4 And FY25,Please find enclosed the Audited Standalone and Consolidated Financial Results for Q4 and FY25,Board Meeting,Outcome of Board Meeting,NYKAA-0632,"(1, Timestamp('2025-06-02 09:15:00'))",7992bfcb-614a-424f-b31d-b4b880ef3a58,2,0,Financial Results,0.0,True,True,0.008515936254980039,-0.0006972111553785743,-0.0032868525896415646,-0.033864541832669404,-0.027390438247011928,0.006701030927835028,-0.011703187250996172,0.022938144329896826,0.007071713147410286,0.04237113402061854,-0.02923306772908374,0.0047938144329897625,0.03585657370517925,0.07216494845360821,-0.005887489694733711,0.01440342594971375,-0.0055729711961226,0.004875760040744026,-0.006103320115763339,0.002816467526121774,0.0012769865238143885,-0.03514152835648379,-0.004571271609020933,-0.022819166637990995,-0.005831833499637645,0.012532864427472673,0.02578865877168296,-0.03749184602267913,0.024461749115959996,-0.0015236047860631707,0.029897030337301123,-0.022825317189890837,0.028613626627812083,0.013757507392806456,0.010232823102910488,-0.03946589083199423,0.00894844290729474,-0.004154628474304978,0.013569633748329896,0.022286939956849355,0.012490003117748255,0.05967494533585996,2947545.0,199746.5,14.756428773470374,0.0,5678392.0,908318.5,6.251542823359868,0.0,6591648.0,1550993.5,4.249952046865444,0.027725609774057563,0.042325344212136726,2.1090810395147757,2.136055486109278,0.0070558324882522006,0.0,20249257.0,2.3389394281978446,0.008515936254980039,0.01440342594971375,0.0006972111553785743,0.004875760040744026,0.0032868525896415646,0.002816467526121774,0.033864541832669404,0.03514152835648379,-0.033864541832669404,-0.03514152835648379,-1.0,-0.006701030927835028,-0.012532864427472673,-0.022938144329896826,0.0015236047860631707,-0.04237113402061854,-0.013757507392806456,-0.0047938144329897625,0.004154628474304978,-0.07216494845360821,-0.05967494533585996,NYKAA|2025-06
76005510-8100-47a8-8f8b-6434f8f502a2,NYKAA,2025-08-12 16:20:58.650,DissemDT,,2025-08-12 15:29:00,205.7,2025-08-13 09:15:00,183698.0,183697.0,2025-08-13,493.0,after_close,at_open,1014.0224999999999,375.0,375.0,False,2025-08-12,250.0,False,False,False,False,Financial Results,outcome-resolved:Financial Results,1,False,2025-06-30,"Board Meeting Outcome for Outcome Of Board Meeting Held On August 12, 2025 - Unaudited Standalone And Consolidated Financial Results For The Quarter Ended June 30, 2025","Outcome of Board Meeting held on August 12, 2025 - Unaudited Standalone and Consolidated Financial Results for the quarter ended June 30, 2025",Board Meeting,Outcome of Board Meeting,NYKAA-FP-2025-06-30,"(1, Timestamp('2025-08-13 09:15:00'))",76005510-8100-47a8-8f8b-6434f8f502a2,5,3,Financial Results | Investor Communication,0.0,True,True,0.03354399611084102,0.03981526494895471,0.026251823043266898,0.04608653378706862,0.044433641225085196,-0.0015800724974439628,0.10209042294603798,0.053536574031043616,0.0910063198833253,0.04294079375406623,0.12202236266407396,0.07259038944139795,0.1599416626154595,0.10883911144158365,0.01248993959937611,0.021054056511464914,0.0040898148171287785,0.03572545013182593,0.006239352449517399,0.0200124705937495,0.010235178479834572,0.035851355307234045,0.009317991575853085,0.03511564964923211,-0.0009321215994973764,-0.0006479508979465864,0.015681221554138314,0.08640920139189967,0.005507033699758912,0.048029540331284704,0.01755091602676556,0.07345540385655974,0.007343198417728375,0.035597595336337856,-0.03244080716840608,0.15446316983248004,-0.042204893693501055,0.114795283134899,0.02811404401842585,0.13182761859703365,0.017527922706192883,0.09131118873539076,5131929.0,92308.0,55.595712180959396,0.0,9749712.0,311922.5,31.25684104224607,0.0,11942408.0,468972.0,25.465076806291208,0.045023978410556685,0.02857142857142857,4.005003511819782,1.7060940155179916,0.005369679394935212,0.0,45275368.0,16.362787979565383,0.03354399611084102,0.021054056511464914,0.03981526494895471,0.03572545013182593,0.026251823043266898,0.0200124705937495,0.04608653378706862,0.035851355307234045,0.04608653378706862,0.035851355307234045,1.0,-0.0015800724974439628,-0.0006479508979465864,0.053536574031043616,0.048029540331284704,0.04294079375406623,0.035597595336337856,0.07259038944139795,0.114795283134899,0.10883911144158365,0.09131118873539076,NYKAA|2025-08
5b3e57f6-a818-4d84-8596-922a5521aa81,NYKAA,2025-11-07 16:00:14.757,DissemDT,,2025-11-07 15:29:00,246.0,2025-11-10 09:15:00,205133.0,205132.0,2025-11-10,551.0,after_close,at_open,3914.75405,375.0,375.0,False,2025-11-07,192.0,False,False,False,False,Financial Results,outcome-resolved:Financial Results,1,False,2025-09-30,"Board Meeting Outcome for Unaudited Standalone And Consolidated Financial Results For The Quarter And Half Year Ended September 30, 2025","Unaudited Standalone And Consolidated Financial Results For The Quarter and Half Year Ended September 30, 2025",Board Meeting,Outcome of Board Meeting,NYKAA-FP-2025-09-30,"(1, Timestamp('2025-11-10 09:15:00'))",5b3e57f6-a818-4d84-8596-922a5521aa81,6,4,Financial Results | Investor Communication,0.0,True,True,0.02682926829268295,0.044308943089430786,0.0434146341463415,0.05691056910569103,0.06341463414634152,0.006153846153846176,0.043292682926829196,-0.012884615384615494,0.09715447154471546,0.0380769230769229,0.10000000000000009,0.04076923076923089,0.031097560975609673,-0.02442307692307688,0.003832643514746048,0.022996624777936903,0.0074642543450921806,0.036844688744338605,0.0083944427619011,0.0350201913844404,0.008031674943440925,0.04887889416225011,0.015691089921553936,0.047723544224787584,0.007537404364833411,-0.0013835582109872346,0.008294670361108647,0.03499801256572055,0.000298052300067686,-0.01318266768468318,0.0256376053846899,0.07151686616002556,0.0175978226274206,0.020479100449502297,0.009768987538111201,0.09023101246188889,0.0023708070691970395,0.03839842370003385,-0.013253243097638562,0.044350804073248234,-0.02051445473695815,-0.003908622186118732,3215266.0,169897.0,18.92479561145871,0.0,6807010.0,551830.5,12.335327605125125,0.0,10126096.0,1034702.5,9.78648065506752,0.031176484966170186,0.037660256410256436,2.945349581480047,2.5672483919876843,0.007384503505135143,0.0,35672466.0,8.074469667149774,0.02682926829268295,0.022996624777936903,0.044308943089430786,0.036844688744338605,0.0434146341463415,0.0350201913844404,0.05691056910569103,0.04887889416225011,0.05691056910569103,0.04887889416225011,1.0,0.006153846153846176,-0.0013835582109872346,-0.012884615384615494,-0.01318266768468318,0.0380769230769229,0.020479100449502297,0.04076923076923089,0.03839842370003385,-0.02442307692307688,-0.003908622186118732,NYKAA|2025-11
211b8a16-798b-4125-b647-c1a137e7b428,NYKAA,2026-02-05 15:46:36.630,DissemDT,,2026-02-05 15:29:00,261.45,2026-02-06 09:15:00,228383.0,228382.0,2026-02-06,613.0,after_close,at_open,1048.3895,375.0,375.0,False,2026-02-05,130.0,False,False,False,False,Financial Results,outcome-resolved:Financial Results,1,False,2025-12-31,"Board Meeting Outcome for Unaudited Standalone And Consolidated Financial Results For The Quarter And Nine Months Ended December 31, 2025","Unaudited Standalone and Consolidated Financial Results for the Quarter and nine months ended December 31, 2025",Board Meeting,Outcome of Board Meeting,NYKAA-FP-2025-12-31,"(1, Timestamp('2026-02-06 09:15:00'))",211b8a16-798b-4125-b647-c1a137e7b428,5,3,Financial Results | Investor Communication,0.0,False,False,0.03270223752151469,0.02455536431440053,0.03824823101931529,0.058711034614649105,0.059475999235035326,0.0007225433526010239,0.059475999235035326,0.0007225433526010239,0.03652706062344624,-0.020953757225433578,0.011283228150698044,-0.04479768786127181,-0.04455918913750234,-0.0975433526011561,-0.0013801706904356115,0.0340824082119503,-0.0070392997163366555,0.031594664030737185,-0.008132829795517826,0.04638106081483312,-0.0010849787148261292,0.059796013329475234,0.008377975495023449,0.05109802374001188,0.009431428165959266,-0.008708884813358242,0.004462225563071909,0.05501377367196342,0.005488246465043312,-0.004765703112442288,-0.011100432748866684,0.04762749337231292,-0.010182344440039931,-0.010771412785393647,-0.009046569881763028,0.02032979803246107,-0.008063333567564862,-0.036734354293706944,-0.06638082464575909,0.021821635508256748,-0.06575966013316092,-0.03178369246799517,6259708.0,150379.0,41.62621110660398,0.0,13965961.0,649109.5,21.51557017729674,0.0,19227199.0,916331.0,20.982809705226604,0.028742597217862504,0.034762808349146204,2.3144047230073808,1.7528846475955842,0.008908792362720241,0.0,57682875.0,14.783651859275773,0.03270223752151469,0.0340824082119503,0.02455536431440053,0.031594664030737185,0.03824823101931529,0.04638106081483312,0.058711034614649105,0.059796013329475234,0.058711034614649105,0.059796013329475234,1.0,0.0007225433526010239,-0.008708884813358242,0.0007225433526010239,-0.004765703112442288,-0.020953757225433578,-0.010771412785393647,-0.04479768786127181,-0.036734354293706944,-0.0975433526011561,-0.03178369246799517,NYKAA|2026-02
fd917287-11cb-47cc-acf6-ed4c9a7c68a4,NYKAA,2026-05-21 16:11:27.230,DissemDT,,2026-05-21 15:29:00,275.0,2026-05-22 09:15:00,254258.0,254257.0,2026-05-22,682.0,after_close,at_open,1023.5461666666666,375.0,375.0,False,2026-05-21,61.0,False,False,False,False,Financial Results,subcategory,1,True,,"Board Meeting Outcome for  Outcome Of Board Meeting Held On May 21, 2026","Outcome of Board Meeting held on May 21, 2026",Board Meeting,Outcome of Board Meeting,NYKAA-0636,"(9, Timestamp('2026-05-22 09:15:00'))",32c43f23-2809-4254-97c5-6409e497ce8b,5,4,Board Meeting Outcome | Financial Results | Investor Communication,0.0,False,False,0.024545454545454648,-0.007818181818181724,-0.015272727272727216,0.005454545454545379,-0.016181818181818186,-0.021518987341772156,-0.04109090909090918,-0.046292947558770337,-0.032727272727272716,-0.03797468354430378,-0.06218181818181823,-0.06726943942133823,0.10818181818181816,0.10216998191681737,0.001230684736895693,0.023314769808558955,0.004611851742233414,-0.012430033560415138,0.006806375832446615,-0.02207910310517383,0.006683196422231669,-0.00122865096768629,0.01851815757035241,-0.0346999757521706,0.011740424941383498,-0.033259412283155654,-0.012330781376578226,-0.028760127714330952,-0.018842327915710194,-0.027450619643060142,-0.04474066676184729,0.012013394034574576,-0.05106844140758726,0.013093757863283484,-0.069972979069166,0.00779116088734777,-0.07612543494537727,0.00885599552403904,-0.00999112383199477,0.11817294201381293,-0.016535907428904983,0.11870588934572235,4764405.0,118052.5,40.358357510429684,0.0,11077118.0,347083.0,31.91489643687533,0.0,14397618.0,526833.0,27.328618366731014,0.03711811880409249,0.05875810936051908,3.1003635710221156,3.528341025223142,0.006372232513035869,0.0,31684618.0,10.360644705715394,0.024545454545454648,0.023314769808558955,0.007818181818181724,0.012430033560415138,0.015272727272727216,0.02207910310517383,0.005454545454545379,0.00122865096768629,0.005454545454545379,-0.00122865096768629,1.0,-0.021518987341772156,-0.033259412283155654,-0.046292947558770337,-0.027450619643060142,-0.03797468354430378,0.013093757863283484,-0.06726943942133823,0.00885599552403904,0.10216998191681737,0.11870588934572235,NYKAA|2026-05
1a5a1dbc-d0c4-4e65-ae46-3e7d09e0959c,NYKAA,2026-08-04 16:12:32.080,DissemDT,,2026-08-04 15:29:00,342.5,2026-08-05 09:15:00,273383.0,273382.0,2026-08-05,733.0,after_close,at_open,1022.4653333333333,375.0,375.0,False,2026-08-04,10.0,False,False,False,True,Financial Results,subcategory,1,True,,"Board Meeting Outcome for Outcome Of Board Meeting Held On August 04, 2026.","Outcome of Board Meeting held on August 04, 2026.",Board Meeting,Outcome of Board Meeting,NYKAA-FP-2026-06-30,"(9, Timestamp('2026-08-05 09:15:00'))",6cc3a2c3-75cd-4dad-99b4-6593197eabeb,5,4,Board Meeting Outcome | Financial Results | Investor Communication,0.0,True,True,-0.010364963503649682,-0.03036496350364959,-0.034160583941605815,-0.02087591240875908,-0.030802919708029175,-0.010138661100343005,-0.05489051094890518,-0.03473982406441045,-0.04218978102189774,-0.021768301774265697,-0.04423357664233574,-0.023855673177277437,,,0.003048789388139128,-0.01341375289178881,0.002005518624847269,-0.03237048212849686,0.0006248852395223659,-0.03478546918112818,-0.006522959304192416,-0.014352953104566663,0.023271117465970187,-0.05407403717399936,0.029902046743527977,-0.04004070784387098,0.01836893989084265,-0.07325945083974783,0.024943229814616302,-0.059683053879026754,0.020903462496933534,-0.06309324351883128,0.027458658864253,-0.049226960638518696,0.00854932904823344,-0.052782905690569176,0.014969808396742418,-0.038825481574019854,,,,,6878615.0,199584.5,34.464675363066775,0.0,11675512.0,869923.5,13.421308885206573,0.0,14104754.0,1360946.0,10.363933616763633,0.022373791965989116,0.05662668893274624,2.0896304305357654,3.6527698154575483,0.009002332456907292,0.0,33983749.0,5.910035291087561,0.010364963503649682,0.01341375289178881,0.03036496350364959,0.03237048212849686,0.034160583941605815,0.03478546918112818,0.02087591240875908,0.014352953104566663,-0.02087591240875908,-0.014352953104566663,-1.0,0.010138661100343005,0.04004070784387098,0.03473982406441045,0.059683053879026754,0.021768301774265697,0.049226960638518696,0.023855673177277437,0.038825481574019854,,,NYKAA|2026-08
8cc778a3-04c7-43ba-a87c-7533113e97aa,RELIANCE,2023-10-27 19:23:39.370,DissemDT,,2023-10-27 15:29:00,1132.0,2023-10-30 09:15:00,17625.0,17624.0,2023-10-30,47.0,after_close,at_open,3711.3438333333334,375.0,375.0,False,2023-10-27,696.0,False,False,False,False,Financial Results,subcategory,1,False,2023-09-30,"Consolidated And Standalone Unaudited Financial Results For The Quarter And Half-Year Ended September 30, 2023","In continuation to our letter dated October 20, 2023 and pursuant to Regulation 33 and other applicable provisions of the SEBI (Listing Obligations and Disclosure Requirements) Regulations, ....",Result,Financial Results,RELIANCE-FP-2023-09-30,"(1, Timestamp('2023-10-30 09:15:00'))",8cc778a3-04c7-43ba-a87c-7533113e97aa,5,3,Financial Results | Investor Communication,0.0,True,True,0.015812720848056516,0.014310954063604386,0.01810954063604231,0.019876325088339142,0.011042402826855202,-0.008661758336942382,0.024293286219081223,0.004330879168471302,0.03290636042402828,0.012776093546990053,0.029549469964664343,0.009484625378952005,0.05795053003533557,0.037332178432221585,-0.0069172212166788705,0.022729942064735387,-0.008747404438226358,0.023058358501830745,-0.006428801355193525,0.024538341991235835,-0.0016922871480751778,0.02156861223641432,-0.008937865116838833,0.019980267943694036,-0.007274470724187382,-0.0013872876127550005,-0.003075029118917022,0.027368315337998245,-0.0013823003601715067,0.005713179528642809,0.02368823681577975,0.00921812360824853,0.025407875778317157,-0.012631782231327104,0.05161166710205689,-0.022062197137392547,0.05357783228417823,-0.04409320690522622,0.13624097672043656,-0.07829044668510099,0.13840778726525138,-0.1010756088330298,1012772.0,405656.0,2.496627684540596,0.0,3606880.0,1458056.0,2.4737595812506514,0.0,5065878.0,2320270.0,2.1833140108694247,0.013561137729159185,0.01762114537444934,2.8974435267346,2.3268335850704998,0.004895762918953328,0.0,16516876.0,1.646785449075193,0.015812720848056516,0.022729942064735387,0.014310954063604386,0.023058358501830745,0.01810954063604231,0.024538341991235835,0.019876325088339142,0.02156861223641432,0.019876325088339142,0.02156861223641432,1.0,-0.008661758336942382,-0.0013872876127550005,0.004330879168471302,0.005713179528642809,0.012776093546990053,-0.012631782231327104,0.009484625378952005,-0.04409320690522622,0.037332178432221585,-0.1010756088330298,RELIANCE|2023-10
f27ad174-4094-4951-ae11-c3283c28c6fa,RELIANCE,2024-01-19 18:14:04.777,DissemDT,,2024-01-19 15:29:00,1368.2,2024-01-20 09:15:00,39060.0,39059.0,2024-01-20,105.0,after_close,at_open,900.9203833333333,375.0,375.0,False,2024-01-19,638.0,False,False,False,False,Financial Results,subcategory,1,False,2023-12-31,"Consolidated And Standalone Unaudited Financial Results For The Quarter And Nine Months Ended December 31, 2023","Please find attached the Unaudited Financial Results (Consolidated and Standalone) for the quarter and nine months ended December 31, 2023 along with Independent Auditor''s Review Report thereon.",Result,Financial Results,RELIANCE-FP-2023-12-31,"(1, Timestamp('2024-01-20 09:15:00'))",f27ad174-4094-4951-ae11-c3283c28c6fa,6,3,Financial Results | Investor Communication,0.0,True,True,-0.0038737026750474968,-0.001534863324075486,-0.002411928080689907,-0.0067241631340447805,-0.02908931442771523,-0.02251655629139071,-0.00928226867417048,-0.002575423105224406,0.029893290454611865,0.03686534216335535,0.043707060371290796,0.050772626931567366,0.07491594796082435,0.08219278881530534,0.02305275722197117,-0.026926459897018667,0.023695628478923647,-0.025230491802999133,0.021137030380854432,-0.02354895846154434,0.021708380450401493,-0.028432543584446274,-0.033803712446439094,0.004714398018723864,-0.053217264870887626,0.030700708579496916,-0.022463844233535313,0.013181575559364833,-0.04288156242614086,0.04030613932091645,-0.00959410989854656,0.039487400353158425,-0.029585092012931857,0.06645043417628721,-0.03282154011248817,0.07652860048377896,-0.05198288903468645,0.10275551596625382,-0.05589932847776968,0.13081527643859403,-0.0736827965798229,0.15587558539512825,599324.0,430292.0,1.3928309148206335,0.0,1382828.0,1244720.0,1.1109550742335625,0.0,1786560.0,1916821.0,0.9320432111292604,0.016607912559051658,0.020370370370370372,2.5481090609661496,2.120971875035318,0.0026175136817311317,0.0,7215640.0,0.7782136753934268,0.0038737026750474968,0.026926459897018667,0.001534863324075486,0.025230491802999133,0.002411928080689907,0.02354895846154434,0.0067241631340447805,0.028432543584446274,-0.0067241631340447805,-0.028432543584446274,-1.0,0.02251655629139071,-0.030700708579496916,0.002575423105224406,-0.04030613932091645,-0.03686534216335535,-0.06645043417628721,-0.050772626931567366,-0.10275551596625382,-0.08219278881530534,-0.15587558539512825,RELIANCE|2024-01
191591ca-6d2e-4fc3-be1a-a5de31475cc7,RELIANCE,2024-04-22 19:00:20.190,DissemDT,,2024-04-22 15:29:00,1480.1,2024-04-23 09:15:00,61665.0,61664.0,2024-04-23,166.0,after_close,at_open,854.6635,370.0,370.0,True,2024-04-22,577.0,False,False,False,False,Financial Results,subcategory,1,False,2024-03-31,"Audited Financial Results (Consolidated And Standalone) For The Quarter/ Year Ended March 31, 2024","Audited Financial Results (Consolidated and Standalone) for the quarter / year ended March 31, 2024",Result,Financial Results,RELIANCE-FP-2024-03-31,"(1, Timestamp('2024-04-23 09:15:00'))",191591ca-6d2e-4fc3-be1a-a5de31475cc7,6,4,Board Meeting Outcome | Financial Results | Investor Communication,0.0,False,False,0.007634619282480992,-0.0020944530774946735,0.0020268900749949026,-0.01378285250996547,-0.01986352273495029,-0.006165650476125273,-0.016890750624957818,-0.003151332465575196,-0.009526383352476131,0.004315955333287658,-0.04256469157489362,-0.02918407892032615,-0.013580163502465936,0.00020552168253740177,0.003285815867977271,0.004348803414503721,0.0014001091288631806,-0.003494562206357854,0.005577130428942617,-0.0035502403539477145,0.017245962961320138,-0.03102881547128561,0.04280028683074877,-0.06266380956569906,0.025008716842215617,-0.03117436731834089,0.05054988285644191,-0.06744063348139973,0.03254125563208854,-0.035692588097663736,0.044175530389851,-0.053701913742327134,0.026327270752845966,-0.02201131541955831,0.008256016180264891,-0.05082070775515851,-0.008683796504821872,-0.02050028241550428,0.1562928963143934,-0.16987305981685932,0.1357558873028743,-0.1355503656203369,1531768.0,,,0.0,3237272.0,,,0.0,4894206.0,,,0.008541407992359884,0.014054861488321595,,,,0.0,14203942.0,,0.007634619282480992,0.004348803414503721,0.0020944530774946735,0.003494562206357854,0.0020268900749949026,0.0035502403539477145,0.01378285250996547,0.03102881547128561,-0.01378285250996547,-0.03102881547128561,-1.0,0.006165650476125273,0.03117436731834089,0.003151332465575196,0.035692588097663736,-0.004315955333287658,0.02201131541955831,0.02918407892032615,0.02050028241550428,-0.00020552168253740177,0.1355503656203369,RELIANCE|2024-04
e1e631b1-c7e8-4b69-af6d-50f34bc48edb,RELIANCE,2024-07-19 19:15:49.413,DissemDT,,2024-07-19 15:29:00,1558.5,2024-07-22 09:15:00,84265.0,84264.0,2024-07-22,227.0,after_close,at_open,3719.17645,375.0,375.0,False,2024-07-19,516.0,False,False,False,False,Financial Results,subcategory,1,False,2024-06-30,"Consolidated And Standalone Unaudited Financial Results For The Quarter Ended June 30, 2024","Please find attached, Consolidated and Standalone Unaudited Financial Results for the quarter ended June 30, 2024.",Result,Financial Results,RELIANCE-FP-2024-06-30,"(1, Timestamp('2024-07-22 09:15:00'))",e1e631b1-c7e8-4b69-af6d-50f34bc48edb,5,3,Financial Results | Investor Communication,0.0,True,True,-0.025633622072505635,-0.027558549887712558,-0.030157202438241937,-0.03606031440487656,-0.04716073147256983,-0.011515675963522543,-0.041257619505935206,-0.005391732676562566,-0.025280718639717703,0.011182852958796508,-0.07090150786012195,-0.03614457831325302,-0.04170676932948347,-0.0058576848831790596,-0.011314854138547575,-0.01431876793395806,0.011813414189493443,-0.039371964077206,0.01731290510210165,-0.04747010754034359,0.020793773486008915,-0.056854087890885474,0.00020306396010422167,-0.04736379543267405,-0.019972032565262865,0.008456356601740322,-0.003328252642682661,-0.037929366863252545,-0.023308855581835042,0.017917122905272476,0.020743279326605413,-0.046023997966323116,0.0001379337032576533,0.011044919255538854,-0.01781857653614738,-0.05308293132397457,-0.0370883241593844,0.000943745846131383,0.004768210440505932,-0.046474979769989405,-0.014961818687584089,0.009104133804405029,1270962.0,449094.0,2.8300578498042728,0.0,3492346.0,1242970.0,2.809678431498749,0.0,4878980.0,2073631.0,2.352867988566915,0.029517796228465256,0.018886679920477135,4.218056487688563,1.8082327494492998,0.005582201485611671,0.0,19414502.0,2.120957432281112,0.025633622072505635,0.01431876793395806,0.027558549887712558,0.039371964077206,0.030157202438241937,0.04747010754034359,0.03606031440487656,0.056854087890885474,-0.03606031440487656,-0.056854087890885474,-1.0,0.011515675963522543,-0.008456356601740322,0.005391732676562566,-0.017917122905272476,-0.011182852958796508,-0.011044919255538854,0.03614457831325302,-0.000943745846131383,0.0058576848831790596,-0.009104133804405029,RELIANCE|2024-07
b2742470-ec5b-4c98-9ac5-a35045404359,RELIANCE,2024-10-14 18:58:35.220,DissemDT,,2024-10-14 15:29:00,1372.75,2024-10-15 09:15:00,106390.0,106389.0,2024-10-15,286.0,after_close,at_open,856.413,375.0,375.0,False,2024-10-14,457.0,False,False,False,False,Financial Results,subcategory,1,False,2024-09-30,"Consolidated And Standalone Unaudited Financial Results For The Quarter And Half Year Ended September 30, 2024<BR>","Consolidated and Standalone Unaudited Financial Results for the quarter and half year ended September 30, 2024, are attached.",Result,Financial Results,RELIANCE-FP-2024-09-30,"(1, Timestamp('2024-10-15 09:15:00'))",b2742470-ec5b-4c98-9ac5-a35045404359,5,3,Financial Results | Investor Communication,0.0,False,False,-0.0020761245674739692,-0.008559460936077179,-0.007393917319249765,-0.020724822436714696,-0.01314878892733562,0.007736368370155455,-0.01038062283737029,0.010563118351558431,-0.0223274449098525,-0.00163653946291753,-0.023857220906938648,-0.0031986907684296018,-0.07521398652340194,-0.055642341739195134,0.0029194523624745394,-0.004995576929948509,0.0017378583824623484,-0.010297319318539527,-0.003284182250008566,-0.004109735069241199,0.0015408795776842843,-0.02226570201439898,0.004469673268799518,-0.017618462196135137,0.0027260329232736413,0.005010335446881814,-0.005757705097502203,-0.004622917739868088,-0.007397402248617707,0.01796052060017614,-0.03960876578539338,0.01728132087554088,-0.04097606053843608,0.03933952107551855,-0.03764656649575798,0.013789345588819335,-0.038975946882000206,0.035777256113570605,-0.04869018694888952,-0.026523799574512424,-0.04994559076898017,-0.005696750970214964,5079714.0,531276.0,9.56134664468186,0.0,9178668.0,1787869.0,5.13385935994192,0.0,10849532.0,2660956.0,4.077306050908019,0.010892735582889076,0.010907214975311337,1.6895983433018014,1.3500688325619854,0.00331214814784081,0.0,33144514.0,1.9730236183527639,0.0020761245674739692,0.004995576929948509,0.008559460936077179,0.010297319318539527,0.007393917319249765,0.004109735069241199,0.020724822436714696,0.02226570201439898,-0.020724822436714696,-0.02226570201439898,-1.0,-0.007736368370155455,-0.005010335446881814,-0.010563118351558431,-0.01796052060017614,0.00163653946291753,-0.03933952107551855,0.0031986907684296018,-0.035777256113570605,0.055642341739195134,0.005696750970214964,RELIANCE|2024-10
9f087985-d794-42b1-a256-126d88d0d127,RELIANCE,2025-01-16 19:28:45.830,DissemDT,,2025-01-16 15:29:00,1275.0,2025-01-17 09:15:00,130450.0,130449.0,2025-01-17,351.0,after_close,at_open,826.2361666666667,375.0,375.0,False,2025-01-16,392.0,False,False,False,False,Financial Results,subcategory,1,False,2024-12-31,"Consolidated And Standalone Unaudited Financial Results For The Quarter And Nine Months Ended December 31, 2024","Consolidated and Standalone Unaudited Financial Results for the quarter and nine months ended December 31, 2024, are attached.",Result,Financial Results,RELIANCE-FP-2024-12-31,"(1, Timestamp('2025-01-17 09:15:00'))",9f087985-d794-42b1-a256-126d88d0d127,6,4,Financial Results | Investor Communication,0.0,True,True,0.020117647058823573,0.014470588235294235,0.010627450980392084,0.019607843137254832,0.02274509803921565,0.003076923076922977,0.0023529411764706687,-0.01692307692307693,-0.023960784313725503,-0.04273076923076924,-0.007058823529411784,-0.026153846153846194,-0.046117647058823485,-0.06446153846153846,-0.001527611913011373,0.021645258971834946,0.0044835321439294085,0.009987056091364827,0.01727758373709798,-0.006650132756705895,0.014879867457513046,0.004727975679741786,0.02226049875209582,0.00048459928711983014,0.007079652071444842,-0.004002728994521865,-0.013023386557289157,0.015376327733759826,-0.02696156933374244,0.010038492410665512,-0.017394398719208143,-0.00656638559451736,-0.031195606056537845,-0.011535163174231394,0.04074987081579093,-0.04780869434520271,0.025291580158615268,-0.05144542631246146,-0.0373344086404363,-0.008783238418387185,-0.04975771730937148,-0.01470382115216698,5242528.0,469775.0,11.159657282741739,0.0,9473693.0,1401912.0,6.757694491523006,0.0,10969538.0,2295674.5,4.778350763577328,0.024650174759648175,0.029822926374650584,3.6278702480375067,3.5920152775241374,0.0035351856344746913,0.0,28293739.0,2.491949486254166,0.020117647058823573,0.021645258971834946,0.014470588235294235,0.009987056091364827,0.010627450980392084,0.006650132756705895,0.019607843137254832,0.004727975679741786,0.019607843137254832,0.004727975679741786,1.0,0.003076923076922977,-0.004002728994521865,-0.01692307692307693,0.010038492410665512,-0.04273076923076924,-0.011535163174231394,-0.026153846153846194,-0.05144542631246146,-0.06446153846153846,-0.01470382115216698,RELIANCE|2025-01
9d02b0dc-1d40-4b39-9afc-649b98e21f28,RELIANCE,2025-04-25 19:56:23.940,DissemDT,,2025-04-25 15:29:00,1301.0,2025-04-28 09:15:00,155200.0,155199.0,2025-04-28,417.0,after_close,at_open,3678.601,375.0,375.0,False,2025-04-25,326.0,False,False,False,False,Financial Results,subcategory,1,True,,Board Meeting Outcome for Outcome Of The Board Meeting,"In continuation of our letter dated April 18, 2025, we wish to inform you that the Board of Directors of the Company, at its meeting held today, has inter alia:

i. approved the Audited ....",Board Meeting,Outcome of Board Meeting,RELIANCE-FP-2025-03-31,"(9, Timestamp('2025-04-28 09:15:00'))",640d1dbf-086c-4dac-8c3b-2554826840f2,6,5,Board Meeting Outcome | Financial Results | Investor Communication,0.0,True,True,0.020368946963873924,0.02820906994619521,0.03658724058416585,0.05019215987701764,0.07524980784012314,0.02386006001610208,0.0933897002305919,0.041132986898924084,0.08993082244427364,0.03783942033228427,0.08877786318216763,0.03674156481007107,0.09469638739431208,0.04237722315743264,0.007277937863698319,0.013091009100175605,0.013530271278988704,0.014678798667206505,0.02147529566346218,0.015111944920703668,0.020168373351163227,0.030023786525854412,0.029277997155178648,0.04597181068494449,0.008529706826044092,0.015330353190057988,0.016233398952981898,0.07715630127761,-0.004101904364304049,0.04523489126322813,0.009717710414494846,0.0802131120297788,-0.010590583429602646,0.048430003761886914,0.034074129853712914,0.05470373332845471,0.01326818460640189,0.02347338020366918,0.1045966813075041,-0.009900293913192026,0.08218329424287807,-0.03980607108544543,3544486.0,662102.5,5.353379574914761,0.0,6584829.0,1852349.0,3.5548533240766185,0.0,10231637.0,2652588.0,3.8572281108110267,0.022603545909853213,0.024087259506135397,3.016696159546001,2.110581205205947,0.004332057118518418,0.0,31093522.0,2.484393857187025,0.020368946963873924,0.013091009100175605,0.02820906994619521,0.014678798667206505,0.03658724058416585,0.015111944920703668,0.05019215987701764,0.030023786525854412,0.05019215987701764,0.030023786525854412,1.0,0.02386006001610208,0.015330353190057988,0.041132986898924084,0.04523489126322813,0.03783942033228427,0.048430003761886914,0.03674156481007107,0.02347338020366918,0.04237722315743264,-0.03980607108544543,RELIANCE|2025-04
5853fca9-0d88-431e-a5b8-6af5422a9b0b,RELIANCE,2025-07-18 19:33:19.293,DissemDT,,2025-07-18 15:29:00,1476.0,2025-07-21 09:15:00,177325.0,177324.0,2025-07-21,476.0,after_close,at_open,3701.67845,375.0,375.0,False,2025-07-18,267.0,False,False,False,False,Financial Results,subcategory,1,False,2025-06-30,"Consolidated And Standalone Unaudited Financial Results For The Quarter Ended June 30, 2025","Consolidated and Standalone Unaudited Financial Results for the quarter ended June 30, 2025",Result,Financial Results,RELIANCE-FP-2025-06-30,"(1, Timestamp('2025-07-21 09:15:00'))",5853fca9-0d88-431e-a5b8-6af5422a9b0b,6,4,Financial Results | Investor Communication,0.0,True,True,-0.018631436314363148,-0.022289972899729005,-0.019715447154471488,-0.032384823848238486,-0.042140921409214105,-0.01008262148158523,-0.04959349593495943,-0.01778462400224068,-0.06023035230352314,-0.028777482145357913,-0.04457994579945801,-0.012603276851981482,-0.037262872628726296,-0.005041310740792615,0.006820769379870417,-0.025452205694233565,0.0058722458027414826,-0.028162218702470487,0.008038073658977296,-0.027753520813448784,0.01850816782655773,-0.05089299167479622,0.019810041613199297,-0.0619509630224134,0.001238124251948275,-0.011320745733533505,0.014265038468797786,-0.06385853440375722,-0.00416541853278396,-0.013619205469456719,-0.0170470601869466,-0.04318329211657654,-0.03500101830806224,0.006223536162704324,-0.014395937528588282,-0.030184008270869728,-0.032401422401532376,0.019798145549550894,-0.020026575159617394,-0.017236297469108902,-0.03805172886936828,0.033010418128575664,1896229.0,362151.0,5.236017572780415,0.0,3729156.0,955226.0,3.9039515256075528,0.0,5299843.0,1610058.0,3.291709366991748,0.021948681296423366,0.027139874739039668,3.557238845738742,3.3949221845081885,0.00456426431329493,0.0,22434556.0,2.3721675114365373,0.018631436314363148,0.025452205694233565,0.022289972899729005,0.028162218702470487,0.019715447154471488,0.027753520813448784,0.032384823848238486,0.05089299167479622,-0.032384823848238486,-0.05089299167479622,-1.0,0.01008262148158523,0.011320745733533505,0.01778462400224068,0.013619205469456719,0.028777482145357913,-0.006223536162704324,0.012603276851981482,-0.019798145549550894,0.005041310740792615,-0.033010418128575664,RELIANCE|2025-07
8fdc7c75-ff59-4ced-a580-1c780740fead,RELIANCE,2025-10-17 19:00:55.180,DissemDT,,2025-10-17 15:29:00,1419.1,2025-10-20 09:15:00,200575.0,200574.0,2025-10-20,538.0,after_close,at_open,3734.0803333333333,375.0,375.0,False,2025-10-17,205.0,False,False,False,False,Financial Results,subcategory,1,False,2025-09-30,"Consolidated And Standalone Unaudited Financial Results For The Quarter And Half Year Ended September 30, 2025","Please find attached Consolidated and Standalone Unaudited Financial Results for the quarter and half year ended September 30, 2025",Result,Financial Results,RELIANCE-FP-2025-09-30,"(1, Timestamp('2025-10-20 09:15:00'))",8fdc7c75-ff59-4ced-a580-1c780740fead,7,5,Financial Results | Investor Communication,0.0,False,False,0.02557959269959853,0.027834543020224034,0.03234444366147571,0.03438799238954271,0.029525755760693384,-0.004700592683425375,0.022549503206257482,-0.011444921316166035,0.04974984144880579,0.014851147898358175,0.036642942710168436,0.0021799850126029696,0.0703967303220352,0.03481163567000478,0.012654212829106726,0.012925379870491804,0.0047535266887319405,0.023081016331492094,0.0045457598860154935,0.027798683775460215,-0.002732208199508257,0.03712020058905097,-0.002315915827291154,0.03184167158798454,0.00042101438065131336,-0.005121607064076689,-0.014280066050387313,0.036829569256644795,-0.01158261835115959,0.0001376970349935558,-0.00961647703024579,0.05936631847905158,-0.0069070852595559395,0.021758233157914114,-0.025170781512342894,0.06181372422251133,-0.022494039405936583,0.024674024418539553,-0.007266779140097046,0.07766350946213224,-0.004538653510819141,0.03935028918082392,3988878.0,412597.5,9.667722174758694,0.0,7942577.0,1014363.0,7.830113085749382,0.0,10074451.0,1429828.0,7.045918110430065,0.024228516835902342,0.022116793413800354,5.089475206057763,2.974264365678532,0.004434269130160928,0.0,24718530.0,2.190051612804909,0.02557959269959853,0.012925379870491804,0.027834543020224034,0.023081016331492094,0.03234444366147571,0.027798683775460215,0.03438799238954271,0.03712020058905097,0.03438799238954271,0.03712020058905097,1.0,-0.004700592683425375,-0.005121607064076689,-0.011444921316166035,0.0001376970349935558,0.014851147898358175,0.021758233157914114,0.0021799850126029696,0.024674024418539553,0.03481163567000478,0.03935028918082392,RELIANCE|2025-10
065b7abc-81f7-4472-8e29-2e83cff76daa,RELIANCE,2026-01-16 19:07:13.500,DissemDT,,2026-01-16 15:29:00,1461.0,2026-01-19 09:15:00,223135.0,223134.0,2026-01-19,599.0,after_close,at_open,3727.775,375.0,375.0,False,2026-01-16,144.0,False,False,False,False,Financial Results,subcategory,1,False,2025-12-31,"Consolidated And Standalone Unaudited Financial Results For The Quarter And Nine Months Ended December 31, 2025","Please find attached Consolidated and Standalone Unaudited Financial Results for the quarter and nine months ended December 31, 2025",Result,Financial Results,RELIANCE-FP-2025-12-31,"(1, Timestamp('2026-01-19 09:15:00'))",065b7abc-81f7-4472-8e29-2e83cff76daa,6,4,Financial Results | Investor Communication,0.0,True,True,-0.014579055441478417,-0.021355236139630418,-0.02505133470225862,-0.03271731690622859,-0.0469541409993155,-0.01471836965751483,-0.03894592744695424,-0.006439286725162807,-0.05270362765229297,-0.020662326634588224,-0.049965776865160794,-0.017831870931219962,-0.0184120465434634,0.014789131050098936,0.007271961875768784,-0.0218510173172472,0.00301969122344653,-0.024374927363076948,0.003628793364241961,-0.028680128066500582,-0.0029496886841861025,-0.029767628222042486,-0.025069959273524095,-0.021884181725791402,-0.022150677641203737,0.007432307983688907,-0.02232511037557,-0.016620817071384242,-0.019379372325817212,0.012940085600654405,-0.02659105700161113,-0.026112570650681843,-0.023709040386415303,0.0030467137518270793,-0.028622614466939755,-0.02134316239822104,-0.02573173947436383,0.007899868543143868,-0.00999978935462989,-0.00841225718883351,-0.006736609498420254,0.02152574054851919,1495150.0,486513.0,3.073196399685106,0.0,3710402.0,1104415.0,3.35960848050778,0.0,5211874.0,1583425.0,3.2915193330912422,0.025890990091619097,0.022557451008036092,3.8066939257681316,2.306260394273253,0.004603669840347879,0.0,20386611.0,2.327594879102219,0.014579055441478417,0.0218510173172472,0.021355236139630418,0.024374927363076948,0.02505133470225862,0.028680128066500582,0.03271731690622859,0.029767628222042486,-0.03271731690622859,-0.029767628222042486,-1.0,0.01471836965751483,-0.007432307983688907,0.006439286725162807,-0.012940085600654405,0.020662326634588224,-0.0030467137518270793,0.017831870931219962,-0.007899868543143868,-0.014789131050098936,-0.02152574054851919,RELIANCE|2026-01
72e19e04-7a6d-4a96-bf0e-cdfa2ddd361b,RELIANCE,2026-04-24 19:26:25.357,DissemDT,,2026-04-24 15:29:00,1331.0,2026-04-27 09:15:00,247510.0,247509.0,2026-04-27,664.0,after_close,at_open,3708.5773833333337,375.0,375.0,False,2026-04-24,79.0,False,False,False,False,Financial Results,subcategory,1,False,,Outcome Of The Board Meeting,Outcome of the Board Meeting,Result,Financial Results,RELIANCE-0813,"(1, Timestamp('2026-04-27 09:15:00'))",72e19e04-7a6d-4a96-bf0e-cdfa2ddd361b,6,5,Board Meeting Outcome | Financial Results | Investor Communication,0.0,False,False,-0.001803155522163813,-0.003906836964688187,0.006235912847483149,0.029301277235161516,0.04658151765589791,0.016788321167883202,0.0788880540946657,0.04817518248175179,0.0987978963185574,0.06751824817518237,0.026671675432005992,-0.002554744525547492,0.019534184823440937,-0.00948905109489051,0.009580802107248543,-0.011383957629412356,0.008233674685490966,-0.012140511650179153,0.008288046276078154,-0.0020521334285950044,0.011158924155242667,0.01814235307991885,0.014977372432518316,0.03160414522337959,0.0037572059047382145,0.013031115263144988,-0.0006890415611906231,0.07957709565585633,-0.011745575461583002,0.05992075794333479,0.02259281311754427,0.07620508320101313,0.011265252695065064,0.05625299548011731,-0.010193062138608294,0.03686473757061429,-0.02112976245974882,0.018575017934201327,-0.024095258731787916,0.04362944355522885,-0.03495180494345196,0.025462753848561448,2054820.0,974122.5,2.109406157849757,0.0,3887523.0,2204983.0,1.7630625723645035,0.0,6241960.0,3359241.5,1.858145655797596,0.009764183687010625,0.026086956521739164,1.0279003422226904,2.3651570757378604,0.007162135314954243,0.0,24670753.0,1.2310400236719725,0.001803155522163813,0.011383957629412356,0.003906836964688187,0.012140511650179153,0.006235912847483149,0.0020521334285950044,0.029301277235161516,0.01814235307991885,0.029301277235161516,0.01814235307991885,1.0,0.016788321167883202,0.013031115263144988,0.04817518248175179,0.05992075794333479,0.06751824817518237,0.05625299548011731,-0.002554744525547492,0.018575017934201327,-0.00948905109489051,0.025462753848561448,RELIANCE|2026-04
1a46c329-49d8-4a26-843a-d9cd86653f1a,RELIANCE,2026-07-17 19:09:24.257,DissemDT,,2026-07-17 15:29:00,1328.8,2026-07-20 09:15:00,268885.0,268884.0,2026-07-20,721.0,after_close,at_open,3725.5957166666662,375.0,375.0,False,2026-07-17,22.0,False,False,False,False,Financial Results,outcome-resolved:Financial Results,1,False,2026-06-30,"Board Meeting Outcome for Board Meeting Outcome For Consolidated And Standalone Unaudited Financial Results For The Quarter Ended June 30, 2026","Please find attached Consolidated and Standalone unaudited financial results for the quarter ended June 30, 2026.",Board Meeting,Outcome of Board Meeting,RELIANCE-FP-2026-06-30,"(1, Timestamp('2026-07-20 09:15:00'))",1a46c329-49d8-4a26-843a-d9cd86653f1a,6,4,Financial Results | Investor Communication,0.0,False,False,0.0024081878386514877,0.004665863937387105,0.0003762793497892325,-0.005192655027091986,-0.018211920529801362,-0.013087222936682186,-0.04229379891631546,-0.03729480293516918,-0.035972305839855445,-0.030940313185566337,-0.0073750752558698895,-0.0021938119373630105,-0.009632751354605618,-0.004463272562221121,-0.01290031147179474,0.015308499310446227,-0.011594049182835436,0.01625991312022254,-0.007700936875268544,0.008077216225057776,-0.011840484686173325,0.006647829659081339,-0.009536588025838039,-0.008675332503963323,0.0020640350553368936,-0.01515125799201908,-0.01608731019568152,-0.02620648872063394,-0.004747922571875396,-0.032546880363293784,-0.018043536444449337,-0.017928769395406108,-0.006784072494201543,-0.024156240691364794,0.01501532423840135,-0.02239039949427124,0.026428857639569675,-0.028622669576932686,0.009517579806525595,-0.019150331161131212,0.020611318954463942,-0.025074591516685063,1673081.0,526531.0,3.1775545979249085,0.0,4263914.0,1489151.0,2.863318763510215,0.0,5288847.0,2306881.5,2.2926392187895215,0.0147644988671655,0.023575937333637536,2.3106755441141917,2.270416378501262,0.005530365161934114,0.0,14301213.0,1.0489831374492917,0.0024081878386514877,0.015308499310446227,0.004665863937387105,0.01625991312022254,0.0003762793497892325,0.008077216225057776,0.005192655027091986,0.006647829659081339,-0.005192655027091986,0.006647829659081339,-1.0,0.013087222936682186,0.01515125799201908,0.03729480293516918,0.032546880363293784,0.030940313185566337,0.024156240691364794,0.0021938119373630105,0.028622669576932686,0.004463272562221121,0.025074591516685063,RELIANCE|2026-07
eab44fb7-0346-4414-b532-0b3560b1690f,RVNL,2023-11-09 16:37:31.887,DissemDT,,2023-11-09 15:29:00,160.55,2023-11-10 09:15:00,21000.0,20999.0,2023-11-10,56.0,after_close,at_open,997.4685499999999,375.0,375.0,False,2023-11-09,687.0,False,False,False,False,Financial Results,outcome-resolved:Financial Results,1,False,,Board Meeting Outcome for Unaudited Financial Results (Standalone & Consolidated) For The Quarter And Half-Year Ended 30.09.2023<BR>,Unaudited Financial Results (Standalone & Consolidated) for the Quarter and Half-year ended 30.09.2023<BR>,Board Meeting,Outcome of Board Meeting,RVNL-1188,"(1, Timestamp('2023-11-10 09:15:00'))",eab44fb7-0346-4414-b532-0b3560b1690f,2,0,Financial Results,0.0,True,True,-0.014014325755216439,-0.020865773902211338,-0.02491435689816257,-0.02647150420429778,-0.012145748987854366,0.014715291106845774,-0.0068514481469948985,0.02015355086372339,0.03612581750233557,0.06429942418426093,0.04079725942074108,0.06909788867562372,0.10868888196823412,0.1388355726167625,0.0011145616162993588,-0.015128887371515798,-0.0029900465066467485,-0.01787572739556459,-0.00029905281293046704,-0.024615304085232104,0.008947282308024995,-0.035418786512322775,0.010826937250637547,-0.022972686238491913,0.0018942063034870504,0.012821084803358723,0.026142705579121683,-0.03299415372611658,0.017015138761794335,0.0031384121019290556,0.05460638191672934,-0.018480564414393774,0.04502071586460016,0.019278708319660776,0.08329110236464987,-0.04249384294390879,0.07341399817608502,-0.004316109500461296,0.175612797732279,-0.06692391576404488,0.16484281800135292,-0.026007245384590427,1354432.0,1036900.5,1.3062314079316193,0.0,2818540.0,3055580.0,0.9224238933361261,0.0,4506826.0,4546146.0,0.9913509156987039,0.01900608469934141,0.02350289761751434,1.2401291465642408,1.0809302083612111,0.008384192795917511,0.0,10569397.0,0.91864907076648,0.014014325755216439,0.015128887371515798,0.020865773902211338,0.01787572739556459,0.02491435689816257,0.024615304085232104,0.02647150420429778,0.035418786512322775,-0.02647150420429778,-0.035418786512322775,-1.0,-0.014715291106845774,-0.012821084803358723,-0.02015355086372339,-0.0031384121019290556,-0.06429942418426093,-0.019278708319660776,-0.06909788867562372,0.004316109500461296,-0.1388355726167625,0.026007245384590427,RVNL|2023-11
c059949f-fcb3-4bb9-8072-7009faead401,RVNL,2024-02-08 16:27:31.537,DissemDT,,2024-02-08 15:29:00,281.2,2024-02-09 09:15:00,43935.0,43934.0,2024-02-09,118.0,after_close,at_open,1007.4743833333334,375.0,375.0,False,2024-02-08,625.0,False,False,False,False,Financial Results,outcome-resolved:Financial Results,1,False,2023-12-31,Board Meeting Outcome for Unaudited Financial Results (Standalone & Consolidated) For The Quarter And Nine -Months Ended 31.12.2023,"Pursuant to Regulation 30 & 33 of the SEBI (LODR) Regulations, 2015, the Unaudited Financial Results (Standalone & Consolidated) for the Quarter and Nine-Months ended 31st December, 2023 ....",Board Meeting,Outcome of Board Meeting,RVNL-FP-2023-12-31,"(1, Timestamp('2024-02-09 09:15:00'))",c059949f-fcb3-4bb9-8072-7009faead401,2,0,Financial Results,0.0,False,False,-0.052631578947368474,-0.07716927453769551,-0.07681365576102406,-0.07894736842105254,-0.182076813655761,-0.11196911196911197,-0.11344238975817911,-0.037451737451737355,-0.10508534850640106,-0.02837837837837831,-0.05956614509246083,0.021042471042471034,-0.15504978662873403,-0.08262548262548264,-0.004345491625193321,-0.04828608732217515,-0.0107367716723768,-0.06643250286531871,-0.008290098358970571,-0.06852355740205349,-0.011969311701642088,-0.06697805671941046,-0.03612090527164946,-0.14595590838411154,-0.024680514271965825,-0.08728859769714614,-0.008827490263728865,-0.10461489949445024,0.0031144385750158654,-0.04056617602675322,-0.001374436343548141,-0.10371091216285291,0.010992006315440117,-0.03937038469381843,0.00312429233717218,-0.06269043742963301,0.015383042569068972,0.005659428473402062,0.03396256300199352,-0.18901234963072755,0.04726472016222094,-0.12989020278770358,4399918.0,2310854.0,1.9040224955795564,0.0,11558343.0,10128666.5,1.1411515030137482,0.0,16596568.0,13597206.0,1.2205866411084747,0.0642258282193605,0.06748826291079824,2.1047326466776135,1.583997681054442,0.024431826502072096,0.0,35022133.0,1.1097055696649945,0.052631578947368474,0.04828608732217515,0.07716927453769551,0.06643250286531871,0.07681365576102406,0.06852355740205349,0.07894736842105254,0.06697805671941046,-0.07894736842105254,-0.06697805671941046,-1.0,0.11196911196911197,0.08728859769714614,0.037451737451737355,0.04056617602675322,0.02837837837837831,0.03937038469381843,-0.021042471042471034,-0.005659428473402062,0.08262548262548264,0.12989020278770358,RVNL|2024-02
fbbe6de0-7819-4f56-8c46-5a9497596d42,RVNL,2024-05-17 16:49:24.310,DissemDT,,2024-05-17 15:29:00,290.2,2024-05-18 09:15:00,68409.0,68408.0,2024-05-18,184.0,after_close,at_open,985.5948333333333,105.0,105.0,True,2024-05-17,559.0,False,False,False,False,Financial Results,subcategory,1,False,2024-03-31,Board Meeting Outcome for Outcome Of Board Meeting,"Audited Financial results for the quarter and year ended 31st March, 2024.",Result,Financial Results,RVNL-FP-2024-03-31,"(1, Timestamp('2024-05-18 09:15:00'))",fbbe6de0-7819-4f56-8c46-5a9497596d42,3,1,Financial Results | Investor Communication,0.0,True,True,0.038594073053066724,0.033425223983459595,0.03583735354927642,0.03239145416953826,0.16988283942108895,0.13317757009345788,0.28532046864231564,0.2449933244325766,0.3025499655410062,0.261682242990654,0.3949000689179878,0.35113484646194926,0.36492074431426613,0.3220961281708945,0.0026389887777248655,0.03595508427534186,0.008884513102340702,0.024540710881118893,0.009733143240712061,0.026104210308564357,0.009097180059872756,0.023294274109665503,0.01102572363317389,0.15885711578791506,0.0018101491263789737,0.1313674209670789,0.030674186801577963,0.2546462818407377,0.02103045349678004,0.22396287093579656,0.035256548290966416,0.2672934172500398,0.025118891289736267,0.23656335170091775,0.05284899917996996,0.3420510697380178,0.04232427056972907,0.30881057589222016,0.08402822318214936,0.28089252113211677,0.07308370172686024,0.24901242644403426,2576050.0,,,0.0,5228501.0,,,0.0,7619672.0,,,0.048055508199620144,0.02348993288590604,,,,0.0,9819706.0,,0.038594073053066724,0.03595508427534186,0.033425223983459595,0.024540710881118893,0.03583735354927642,0.026104210308564357,0.03239145416953826,0.023294274109665503,0.03239145416953826,0.023294274109665503,1.0,0.13317757009345788,0.1313674209670789,0.2449933244325766,0.22396287093579656,0.261682242990654,0.23656335170091775,0.35113484646194926,0.30881057589222016,0.3220961281708945,0.24901242644403426,RVNL|2024-05
53c10059-4b61-404c-969c-9fcd9af59f14,RVNL,2024-08-07 17:28:34.660,DissemDT,,2024-08-07 15:29:00,567.0,2024-08-08 09:15:00,89139.0,89138.0,2024-08-08,240.0,after_close,at_open,946.4223333333333,375.0,375.0,False,2024-08-07,503.0,False,False,False,False,Financial Results,outcome-resolved:Financial Results,1,True,,Announcement under Regulation 30 (LODR)-Analyst / Investor Meet - Intimation,"Pursuant to the provisions of Regulation 30 read with Part A of Schedule III of the SEBI (Listing Obligations and Disclosure Requirements) Regulations, 2015, we wish to inform you that ....",Company Update,Analyst / Investor Meet,RVNL-FP-2024-06-30,"(10, Timestamp('2024-08-08 09:15:00'))",8baa23a6-a2f1-4e52-84a5-28f400368b85,3,1,Financial Results | Investor Communication,5.116666666666666,False,False,-0.015520282186948786,-0.00970017636684306,-0.011728395061728403,-0.04850088183421519,-0.08571428571428574,-0.03911028730305843,0.003350970017636623,0.05449490268767376,0.006349206349206327,0.057645968489342,0.011816578483245133,0.06339202965709001,0.008818342151675429,0.06024096385542177,-0.0037846004208058337,-0.011735681766142952,-0.002655834932520945,-0.007044341434322116,-0.00680196280683984,-0.004926432254888563,-0.009787337846539818,-0.038713543987675375,0.0026865701416214083,-0.08840085585590715,0.012633575010038256,-0.05174386231309669,-0.013463406938207412,0.016814376955844035,-0.003633301735132266,0.05812820442280603,0.0036569954724157694,0.0026922108767905573,0.013687719999408543,0.04395824848993346,0.05267006768938831,-0.04085348920614318,0.06365840079901597,-0.00026637114192595845,0.028965679066878386,-0.020147336915202957,0.03950519689094378,0.020735766964477986,904647.0,2408329.5,0.37563257021101143,0.0,2742797.0,7664641.5,0.3578506574638879,0.0,3702641.0,10469581.0,0.3536570374688347,0.021701174092767544,0.019166741653918795,0.7667402759698047,0.4754066986277116,0.013307183349606566,0.0,30292178.0,1.1073017203815299,0.015520282186948786,0.011735681766142952,0.00970017636684306,0.007044341434322116,0.011728395061728403,0.004926432254888563,0.04850088183421519,0.038713543987675375,-0.04850088183421519,-0.038713543987675375,-1.0,0.03911028730305843,0.05174386231309669,-0.05449490268767376,-0.05812820442280603,-0.057645968489342,-0.04395824848993346,-0.06339202965709001,0.00026637114192595845,-0.06024096385542177,-0.020735766964477986,RVNL|2024-08
80e3b99c-2bb1-49f4-86d9-6921b92d8232,RVNL,2024-11-07 15:45:50.377,DissemDT,,2024-11-07 15:29:00,476.15,2024-11-08 09:15:00,112824.0,112823.0,2024-11-08,304.0,after_close,at_open,1049.1603833333334,375.0,375.0,False,2024-11-07,439.0,False,False,False,False,Financial Results,subcategory,1,False,,"Unaudited Financial Results (Standalone & Consolidated)
For The Quarter And Half-Year Ended 30.09.2024",Unaudited Financial Results (Standalone & Consolidated for the Quarter and Half -Year ended 30.09.2024,Result,Financial Results,RVNL-1192,"(1, Timestamp('2024-11-08 09:15:00'))",80e3b99c-2bb1-49f4-86d9-6921b92d8232,2,0,Financial Results,0.0,False,True,-0.05166439147327517,-0.04966922188386014,-0.04441877559592555,-0.0591200252021421,-0.08117189961146698,-0.0234375,-0.11887010395883646,-0.06350446428571421,-0.1263257376877034,-0.0714285714285714,-0.0885225244145752,-0.03125,-0.03601806153523046,0.024553571428571397,-0.006998245145913379,-0.044666146327361794,-0.0030417717799316735,-0.046627450103928464,-0.002223875738469605,-0.04219489985745595,-0.016657585543776304,-0.0424624396583658,-0.014454270853525658,-0.06671762875794132,0.0021473210066199067,-0.025584821006619907,-0.06278843527986883,-0.05608166867896763,-0.047012558913219704,-0.01649190537249451,-0.062392954532829475,-0.06393278315487391,-0.04677853117317596,-0.02465004025539544,-0.029118927441324327,-0.05940359697325087,-0.013265349233789109,-0.01798465076621089,-0.0005214952618618207,-0.03549656627336864,0.015598778171708488,0.008954793256862909,1268519.0,329654.0,3.8480315724972245,0.0,3300887.0,1028492.5,3.2094419745404075,0.0,4018460.0,1934968.0,2.076757858527893,0.05765622726279666,0.030566207985562848,2.776710522908169,0.9188554098366802,0.013180916541737864,0.0,8072665.0,1.5951760175794782,0.05166439147327517,0.044666146327361794,0.04966922188386014,0.046627450103928464,0.04441877559592555,0.04219489985745595,0.0591200252021421,0.0424624396583658,-0.0591200252021421,-0.0424624396583658,-1.0,0.0234375,0.025584821006619907,0.06350446428571421,0.01649190537249451,0.0714285714285714,0.02465004025539544,0.03125,0.01798465076621089,-0.024553571428571397,-0.008954793256862909,RVNL|2024-11
21a4b4ee-f771-444a-86ea-f1ff254a4bc8,RVNL,2025-02-14 19:53:57.867,DissemDT,,2025-02-14 15:29:00,358.15,2025-02-17 09:15:00,138699.0,138698.0,2025-02-17,373.0,after_close,at_open,3681.03555,375.0,375.0,False,2025-02-14,370.0,False,False,False,False,Financial Results,outcome-resolved:Financial Results,1,False,,Board Meeting Outcome for Quarterly Results For Quarter And Nine Months Ended 31.12.2024,Quarterly Results for quarter and nine months ended 31.12.2024,Board Meeting,Outcome of Board Meeting,RVNL-FP-2024-12-31,"(1, Timestamp('2025-02-17 09:15:00'))",21a4b4ee-f771-444a-86ea-f1ff254a4bc8,3,0,Financial Results,0.0,True,True,-0.028479687281865118,-0.016473544604216017,-0.04341756247382367,-0.04341756247382367,-0.07399134440876731,-0.03196147110332759,0.06114756386988707,0.10931115002918856,0.01521708781236919,0.06129597197898429,-0.08865000698031555,-0.04728546409807366,-0.012843780538880245,0.031961471103327366,-0.002494307843354082,-0.025985379438511036,0.00048305315790767023,-0.016956597762123687,-2.6318293725319242e-05,-0.04339124418009835,0.011945823707343178,-0.055363386181166846,-0.004742203533298767,-0.06924914087546855,-0.016616362167288956,-0.015345108936038632,-0.008587773118125586,0.06973533698801265,-0.020181655619357503,0.12949280564854607,-0.021201726792698855,0.036418814605068045,-0.0326692865690964,0.09396525854808069,-0.032880746271968825,-0.05576926070834673,-0.044256276003602935,-0.003029188094470725,0.025143510042071576,-0.03798729058095182,0.013574303483840394,0.01838716761948697,1677096.0,584981.5,2.8669214325581236,0.0,4608900.0,1907721.5,2.4159186757605866,0.0,6350821.0,2855818.5,2.223818145305803,0.06861270894942419,0.06690723199518869,3.1151580933329654,1.5393247558998602,0.028085443081895645,0.0,13373873.0,1.7398569177206644,0.028479687281865118,0.025985379438511036,0.016473544604216017,0.016956597762123687,0.04341756247382367,0.04339124418009835,0.04341756247382367,0.055363386181166846,-0.04341756247382367,-0.055363386181166846,-1.0,0.03196147110332759,0.015345108936038632,-0.10931115002918856,-0.12949280564854607,-0.06129597197898429,-0.09396525854808069,0.04728546409807366,0.003029188094470725,-0.031961471103327366,-0.01838716761948697,RVNL|2025-02
15c4209c-02e7-4920-a51c-23f431b3971b,RVNL,2025-05-21 18:14:05.563,DissemDT,,2025-05-21 15:29:00,412.95,2025-05-22 09:15:00,161574.0,161573.0,2025-05-22,434.0,after_close,at_open,900.9072833333333,375.0,375.0,False,2025-05-21,309.0,False,False,False,False,Financial Results,outcome-resolved:Financial Results,1,False,,"Board Meeting Outcome for Outcome Of Board Meeting Held On 21St May, 2025","Board of Directors in their meeting held today i.e. 21st May 2025 interalia considered the following:
1. Approved the Audited Standalone and Consolidated Financial Results for the quarter ....",Board Meeting,Outcome of Board Meeting,RVNL-1194,"(1, Timestamp('2025-05-22 09:15:00'))",15c4209c-02e7-4920-a51c-23f431b3971b,2,0,Financial Results,0.0,True,True,-0.012955563627557787,-0.002421600678048197,-0.005448601525608443,-0.02046252572950713,-0.03680833030633246,-0.016687268232385644,0.004964281389998826,0.02595797280593315,0.015498244339508416,0.03671199011124848,0.03801913064535656,0.05970333745364642,-0.07579610122290836,-0.05648949320148333,-0.00394965531285052,-0.009005908314707267,-0.0018220137631610178,-0.0005995869148871791,-0.0014756018723185715,-0.0039729996532898715,-0.0011672222169702706,-0.01929530351253686,0.0010922744184300448,-0.037900604724762504,0.002321631042965483,-0.019008899275351127,0.0013171709814369659,0.00364711040856186,0.0025150238277676373,0.023442948978165512,0.004583982565609407,0.010914261773899009,0.0057850818255389125,0.03092690828570957,0.00602669581089374,0.03199243483446282,0.0072473140507337275,0.052456023402912694,-0.014105669523052394,-0.06169043169985597,-0.012846977389145808,-0.04364251581233752,1223066.0,612239.0,1.9976937111160837,0.0,4370165.0,1885639.0,2.317604271019002,0.0,5172541.0,2713800.5,1.9060137250324776,0.024636856289315567,0.04092988747372314,1.1762183422567822,1.3966870041548232,0.01725203388258656,0.0,10383858.0,1.5948990180423883,0.012955563627557787,0.009005908314707267,0.002421600678048197,0.0005995869148871791,0.005448601525608443,0.0039729996532898715,0.02046252572950713,0.01929530351253686,-0.02046252572950713,-0.01929530351253686,-1.0,0.016687268232385644,0.019008899275351127,-0.02595797280593315,-0.023442948978165512,-0.03671199011124848,-0.03092690828570957,-0.05970333745364642,-0.052456023402912694,0.05648949320148333,0.04364251581233752,RVNL|2025-05
6799d833-aafe-49e5-8111-1bbc596e1f1e,RVNL,2025-08-12 15:11:21.973,DissemDT,,2025-08-12 15:10:00,339.65,2025-08-12 15:12:00,183681.0,183679.0,2025-08-12,492.0,in_session,in_session,0.6337833333333334,18.0,375.0,False,2025-08-12,251.0,False,True,True,False,Financial Results,outcome-resolved:Financial Results,1,False,,Board Meeting Outcome for Outcome Of Board Meeting,Outcome of Board Meeting- Quarterly Financial Results for quarter ended 30.06.2025,Board Meeting,Outcome of Board Meeting,RVNL-1195,"(1, Timestamp('2025-08-12 15:12:00'))",6799d833-aafe-49e5-8111-1bbc596e1f1e,2,0,Financial Results,0.18333333333333332,True,True,-0.027675548358604418,-0.04857941999116733,-0.04857941999116733,-0.04857941999116733,-0.03959958781098183,0.009438341327556943,-0.045635212718975415,0.003094538140182568,-0.02546739290446043,0.024292124400433268,-0.09303694980126587,-0.046727525916756774,-0.012218460179596602,0.03821754603125482,0.0009160986900429435,-0.02859164704864736,0.0031768264805230317,-0.05175624647169036,0.0031768264805230317,-0.05175624647169036,0.0031768264805230317,-0.05175624647169036,0.022685750218759126,-0.062285338029740955,0.01939722659471249,-0.009958885267155548,0.028366324796542997,-0.07400153751551841,0.025057933513063235,-0.021963395372880667,0.03776014682108564,-0.06322753972554607,0.03440422732716292,-0.01011210292672965,0.028148456511367048,-0.12118540631263292,0.024768639450764934,-0.07149616536752171,0.047571745288339934,-0.059790205467936536,0.04407596454647639,-0.005858418515221564,1320965.0,111388.5,11.859078809751455,0.0,2892712.0,342880.5,8.436501929972687,0.0,2892712.0,342880.5,8.436501929972687,0.02336453232551774,0.05151420543240712,8.937768752536194,10.089681094459193,0.002262455019630072,0.0,5387141.0,1.6886027781129958,0.027675548358604418,0.02859164704864736,0.04857941999116733,0.05175624647169036,0.04857941999116733,0.05175624647169036,0.04857941999116733,0.05175624647169036,-0.04857941999116733,-0.05175624647169036,-1.0,-0.009438341327556943,0.009958885267155548,-0.003094538140182568,0.021963395372880667,-0.024292124400433268,0.01011210292672965,0.046727525916756774,0.07149616536752171,-0.03821754603125482,0.005858418515221564,RVNL|2025-08
5138ed0a-c4d0-477a-bf6e-ebbbcc3dd17a,RVNL,2025-11-11 19:28:05.450,DissemDT,,2025-11-11 15:29:00,317.8,2025-11-12 09:15:00,205884.0,205883.0,2025-11-12,553.0,after_close,at_open,826.9091666666667,375.0,375.0,False,2025-11-11,190.0,False,False,False,False,Financial Results,subcategory,1,False,,Unaudited Financial Result For The Quarter And Half Year Ended 30.09.2025,Unaudited Financial Result (Standalone and Consolidated) for the Quarter and Half Year ended 30.09.2025,Result,Financial Results,RVNL-1196,"(1, Timestamp('2025-11-12 09:15:00'))",5138ed0a-c4d0-477a-bf6e-ebbbcc3dd17a,1,0,Financial Results,0.0,True,True,-0.014631843926998234,0.0022026431718060735,-0.0004719949653871902,-0.006293266205160464,-0.010855884203901822,-0.0045915136162127945,0.028949024543738267,0.03546548448385045,0.007551919446192601,0.013932868904369844,0.016519823788546217,0.02295756808106386,-0.028634361233480288,-0.02248258391386959,-0.00032616109700442375,-0.01430568282999381,0.0018500618691802695,0.000352581302625804,0.002859257264489351,-0.0033312522298765412,-0.008755218130985454,0.00246195192582499,-0.009148296197352301,-0.0017075880065495208,-0.00037745344232800737,-0.004214060173884787,0.01073724745440749,0.018211777089330777,0.019843029048556837,0.015622455435293614,0.005812546576102556,0.0017393728700900446,0.014796265706885914,-0.0008633968025160699,0.0007807093485357186,0.0157391144400105,0.00926768007869494,0.013689888002368922,-0.03591904784773289,0.007284686614252606,-0.027975082168630344,0.005492498254760753,1441633.0,276622.5,5.211553651637159,0.0,3300611.0,688189.5,4.796078696347445,0.0,4278690.0,983608.5,4.349992908764005,0.03365518991052605,0.040584415584415584,3.7154423462746693,3.6557438351017395,0.0033984654082173105,0.0,7163155.0,2.369967670476079,0.014631843926998234,0.01430568282999381,0.0022026431718060735,0.000352581302625804,0.0004719949653871902,0.0033312522298765412,0.006293266205160464,0.00246195192582499,-0.006293266205160464,0.00246195192582499,-1.0,0.0045915136162127945,0.004214060173884787,-0.03546548448385045,-0.015622455435293614,-0.013932868904369844,0.0008633968025160699,-0.02295756808106386,-0.013689888002368922,0.02248258391386959,-0.005492498254760753,RVNL|2025-11
d5e6629d-d71e-48be-a7d6-b8afb706eb54,RVNL,2026-02-05 15:24:07.850,DissemDT,,2026-02-05 15:23:00,316.45,2026-02-05 15:25:00,228379.0,228377.0,2026-02-05,612.0,in_session,in_session,0.8691666666666666,5.0,375.0,False,2026-02-05,131.0,False,True,True,False,Financial Results,outcome-resolved:Financial Results,1,False,,Board Meeting Outcome for Outcome Of Board Meeting- Unaudited Financial Results For Quarter Ended 31.12.2025 And Declaration Of Interim Dividend For FY 2025-26.,Outcome of Board Meeting- Unaudited Financial Results for quarter ended 31.12.2025 and declaration of Interim Dividend for FY 2025-26.,Board Meeting,Outcome of Board Meeting,RVNL-1197,"(1, Timestamp('2026-02-05 15:25:00'))",d5e6629d-d71e-48be-a7d6-b8afb706eb54,2,0,Financial Results,17.833333333333332,False,False,0.00047400853215373573,0.00047400853215373573,0.00047400853215373573,0.00047400853215373573,-0.00995417917522512,-0.010423246999368363,0.009954179175225342,0.009475679090334754,-0.00742613367040601,-0.007896399241945629,-0.03412861431505776,-0.034586228679722164,-0.09701374624743242,-0.09744156664560966,0.002719650778762822,-0.0022456422466090864,0.002719650778762822,-0.0022456422466090864,0.002719650778762822,-0.0022456422466090864,0.002719650778762822,-0.0022456422466090864,0.01906859861599247,-0.02902277779121759,0.016198591688678238,-0.0266218386880466,0.02718952487204418,-0.017235345696818838,0.02427359296187101,-0.014797913871536256,0.02272151756724758,-0.03014765123765359,0.019821156527327216,-0.027717555769272845,-0.0018606585233521267,-0.03226795579170563,-0.004636272074683867,-0.029949956605038297,-0.03551512733677381,-0.06149861891065861,-0.03815926726629043,-0.059282299379319225,294195.0,244277.0,1.2043499797361192,0.0,294195.0,244277.0,1.2043499797361192,0.0,294195.0,244277.0,1.2043499797361192,0.0031195221379745073,0.0031645569620253164,1.2651855771122853,0.7042322694684248,0.002097154541366386,0.0,5880375.0,0.7134441863496863,0.00047400853215373573,0.0022456422466090864,0.00047400853215373573,0.0022456422466090864,0.00047400853215373573,0.0022456422466090864,0.00047400853215373573,0.0022456422466090864,0.00047400853215373573,-0.0022456422466090864,1.0,-0.010423246999368363,-0.0266218386880466,0.009475679090334754,-0.014797913871536256,-0.007896399241945629,-0.027717555769272845,-0.034586228679722164,-0.029949956605038297,-0.09744156664560966,-0.059282299379319225,RVNL|2026-02
08b619de-752c-47d5-9533-14841909d5ad,RVNL,2026-05-25 18:12:06.523,DissemDT,,2026-05-25 15:29:00,272.7,2026-05-26 09:15:00,255009.0,255008.0,2026-05-26,684.0,after_close,at_open,902.8912833333333,375.0,375.0,False,2026-05-25,59.0,False,False,False,False,Financial Results,outcome-resolved:Financial Results,1,False,2026-03-31,Board Meeting Outcome for Outcome Of Board Meeting,"1. Consideration and Approval of Audited Financial Results for the year ended 31st March, 2026
2. Recommendation of Final Dividend for FY 2025-26 and 
3. Closure of RVNL JV company M/s. ....",Board Meeting,Outcome of Board Meeting,RVNL-FP-2026-03-31,"(1, Timestamp('2026-05-26 09:15:00'))",08b619de-752c-47d5-9533-14841909d5ad,3,1,Financial Results | Investor Communication,24.0,True,True,-0.03245324532453231,-0.02786945361202775,-0.028052805280528004,-0.0462046204620461,-0.07279061239457274,-0.027873894655901732,-0.116061606160616,-0.07324106113033457,-0.12489915658232487,-0.08250672818146876,-0.1628529519618629,-0.12229911572472141,-0.11998533186651994,-0.0773548635140332,-0.001584923360150342,-0.030868321964381967,-0.001108492559726032,-0.02676096105230172,-0.001452566431368929,-0.026600238849159075,-0.006923852592301077,-0.03928076786974502,-0.0184292826131352,-0.05436132978143754,-0.011611190152518602,-0.01626270450338313,-0.037379992050233735,-0.07868161411038227,-0.030597099416082935,-0.04264396171425164,-0.030938654277459343,-0.09396050230486552,-0.02409692562869986,-0.0584098025527689,-0.05177565904560519,-0.1110772929162577,-0.04510516288774424,-0.07719395283697716,0.02230336073698494,-0.14228869260350488,0.029747190455337857,-0.10710205396937106,3226911.0,401483.5,8.037468538557624,0.0,6313904.0,1096557.0,5.75793506402312,0.0,8252777.0,1615461.5,5.1086188064525215,0.03272417095370085,0.022409500095766963,2.5701813577184778,1.1632339706888324,0.009690276258397579,0.0,21016469.0,3.67918956699237,0.03245324532453231,0.030868321964381967,0.02786945361202775,0.02676096105230172,0.028052805280528004,0.026600238849159075,0.0462046204620461,0.03928076786974502,-0.0462046204620461,-0.03928076786974502,-1.0,0.027873894655901732,0.01626270450338313,0.07324106113033457,0.04264396171425164,0.08250672818146876,0.0584098025527689,0.12229911572472141,0.07719395283697716,0.0773548635140332,0.10710205396937106,RVNL|2026-05
fb92c392-fb37-4bf6-8cd1-28e52c7eba25,RVNL,2026-08-11 14:37:33.183,DissemDT,,2026-08-11 14:36:00,229.93,2026-08-11 14:38:00,275207.0,275205.0,2026-08-11,737.0,in_session,in_session,0.44695,52.0,375.0,False,2026-08-11,6.0,False,False,True,True,Financial Results,outcome-resolved:Financial Results,1,False,,Board Meeting Outcome for Unaudited Financial Results (Standalone & Consolidated) For The Quarter Ended 30.06.2026.,Unaudited Financial Results (Standalone and Consolidated) for the quarter ended 30.06.2026.,Board Meeting,Outcome of Board Meeting,RVNL-1199,"(1, Timestamp('2026-08-11 14:38:00'))",fb92c392-fb37-4bf6-8cd1-28e52c7eba25,2,0,Financial Results,0.1,False,False,-0.005740877658417798,-0.00017396598964913856,0.00030444048188571493,0.00030444048188571493,0.00030444048188571493,0.0,-0.01122080633236211,-0.01152173913043486,-0.021441308224242173,-0.021739130434782594,,,,,0.00043991967378126384,-0.006180797332199062,0.0006550802807700762,-0.0008290462704192147,0.0022574575546309705,-0.0019530170727452556,0.0022574575546309705,-0.0019530170727452556,0.009975472079995218,-0.009671031598109503,0.007688928257042038,-0.007688928257042038,0.009765003616194506,-0.020985809948556616,0.007461751417402879,-0.01898349054783774,0.006156326682332958,-0.02759763490657513,0.0038750881315889885,-0.025614218566371583,,,,,,,,,1025539.0,32783.5,31.282169383988897,0.0,2329967.0,283629.0,8.21484051348769,0.0,2939411.0,788565.5,3.727541973368097,0.013687427330021755,0.019680359265618803,3.6702499040688887,4.117695817370194,0.0008851332086313168,0.2692307692307692,6397262.0,1.62981753517072,0.005740877658417798,0.006180797332199062,0.00017396598964913856,0.0008290462704192147,0.00030444048188571493,0.0019530170727452556,0.00030444048188571493,0.0019530170727452556,0.00030444048188571493,-0.0019530170727452556,1.0,0.0,-0.007688928257042038,-0.01152173913043486,-0.01898349054783774,-0.021739130434782594,-0.025614218566371583,,,,,RVNL|2026-08
